ReturnID,OrderID,OrderLineID,ReturnDate,ReturnReason,QuantityReturned
900001,512100,2,2026-02-01,Damaged in Shipping,3
900002,507188,2,2025-05-03,Wrong Item,1
900003,501283,3,2024-04-25,Damaged in Shipping,4
900004,503323,2,2024-09-07,Wrong Item,1
900005,506527,2,2025-02-23,Wrong Item,3
900006,514217,1,2026-07-03,Damaged in Shipping,3
900007,511798,4,2026-01-16,Damaged in Shipping,6
900008,500140,2,2024-01-31,Wrong Item,4
900009,507532,1,2025-05-09,Wrong Item,4
900010,500153,1,2024-01-23,Better Price Found,2
900011,508760,2,2025-08-10,Defective,6
900012,505076,4,2024-12-14,Wrong Item,1
900013,513798,1,2026-06-20,No Longer Needed,4
900014,513171,1,2026-04-23,Better Price Found,4
900015,506994,1,2025-04-19,Defective,3
900016,503779,1,2024-09-30,Damaged in Shipping,5
900017,513733,3,2026-06-18,Better Price Found,6
900018,512589,4,2026-04-05,Wrong Item,3
900019,512398,1,2026-03-19,Wrong Item,2
900020,504639,1,2024-11-21,Better Price Found,5
900021,501273,4,2024-04-12,Better Price Found,4
900022,511971,3,2026-01-26,Wrong Item,5
900023,505475,4,2025-01-02,Damaged in Shipping,3
900024,503913,5,2024-10-06,Wrong Item,4
900025,510966,4,2025-12-21,Defective,1
900026,504053,1,2024-10-18,Wrong Item,1
900027,511452,3,2026-01-03,Damaged in Shipping,5
900028,505426,4,2024-12-28,No Longer Needed,4
900029,500959,3,2024-03-19,Damaged in Shipping,3
900030,512389,1,2026-03-06,Damaged in Shipping,6
900031,513420,2,2026-05-17,No Longer Needed,2
900032,509518,3,2025-09-26,Better Price Found,1
900033,506313,1,2025-02-05,Damaged in Shipping,5
900034,505958,3,2025-01-10,Damaged in Shipping,3
900035,508605,1,2025-07-28,Wrong Item,6
900036,510260,1,2025-11-28,Better Price Found,5
900037,514009,1,2026-06-12,Better Price Found,4
900038,503008,3,2024-08-17,No Longer Needed,4
900039,502270,2,2024-07-03,No Longer Needed,2
900040,500757,2,2024-03-19,Wrong Item,1
900041,511277,1,2025-12-17,No Longer Needed,1
900042,508143,3,2025-06-17,No Longer Needed,2
900043,506978,5,2025-04-16,Better Price Found,5
900044,511133,4,2025-12-24,Damaged in Shipping,3
900045,505245,2,2024-12-19,Wrong Item,2
900046,510160,1,2025-11-23,Better Price Found,2
900047,513908,5,2026-06-21,Better Price Found,1
900048,505686,2,2024-12-24,Defective,2
900049,500729,2,2024-03-07,Damaged in Shipping,1
900050,503153,4,2024-08-19,Damaged in Shipping,4
900051,502832,1,2024-08-12,Better Price Found,1
900052,511172,2,2025-12-11,Better Price Found,2
900053,511061,1,2025-12-11,Better Price Found,1
900054,507826,4,2025-06-04,No Longer Needed,1
900055,507463,1,2025-04-27,Defective,5
900056,500024,1,2024-01-08,Wrong Item,3
900057,513431,1,2026-05-17,Wrong Item,5
900058,501566,1,2024-05-01,Better Price Found,5
900059,506674,1,2025-03-17,Better Price Found,1
900060,508455,3,2025-07-17,No Longer Needed,3
900061,513931,1,2026-06-09,Defective,1
900062,512271,1,2026-02-23,Better Price Found,6
900063,513381,1,2026-05-17,Defective,4
900064,503466,2,2024-09-03,Wrong Item,6
900065,508339,3,2025-07-11,Defective,4
900066,512184,2,2026-02-17,Damaged in Shipping,2
900067,502476,2,2024-06-25,Better Price Found,2
900068,506416,4,2025-02-25,No Longer Needed,1
900069,502412,1,2024-07-02,No Longer Needed,3
900070,503548,1,2024-09-30,Defective,4
900071,513858,1,2026-06-17,Damaged in Shipping,5
900072,507970,1,2025-06-14,No Longer Needed,5
900073,513039,1,2026-04-12,Better Price Found,6
900074,513775,2,2026-06-17,No Longer Needed,2
900075,507450,5,2025-05-05,No Longer Needed,2
900076,510458,2,2025-11-11,Damaged in Shipping,5
900077,506655,1,2025-03-13,Defective,3
900078,501405,2,2024-04-26,No Longer Needed,6
900079,507375,1,2025-05-03,Defective,6
900080,514132,1,2026-07-19,No Longer Needed,2
900081,502789,2,2024-07-30,Defective,2
900082,512642,1,2026-03-22,Better Price Found,1
900083,501578,1,2024-05-21,Better Price Found,1
900084,508659,1,2025-08-14,Damaged in Shipping,4
900085,507097,1,2025-04-17,Wrong Item,3
900086,514473,1,2026-08-10,Damaged in Shipping,2
900087,514146,3,2026-07-19,Wrong Item,5
900088,506434,3,2025-02-16,Damaged in Shipping,1
900089,514613,2,2026-08-02,No Longer Needed,2
900090,504594,2,2024-11-20,Wrong Item,1
900091,511038,5,2025-12-05,Wrong Item,5
900092,501971,4,2024-06-16,Damaged in Shipping,2
900093,511055,1,2025-12-12,Wrong Item,4
900094,502819,2,2024-07-29,Better Price Found,1
900095,503513,4,2024-09-27,Better Price Found,6
900096,511665,1,2026-01-07,Damaged in Shipping,1
900097,513469,4,2026-06-04,Wrong Item,3
900098,502511,4,2024-07-04,Damaged in Shipping,1
900099,505463,1,2024-12-18,Defective,1
900100,505803,1,2025-01-14,Defective,2
900101,506216,1,2025-02-07,No Longer Needed,2
900102,510694,2,2025-12-17,No Longer Needed,1
900103,509555,5,2025-10-05,Defective,4
900104,500990,2,2024-03-25,Defective,5
900105,505960,5,2025-01-15,Wrong Item,3
900106,504861,1,2024-12-01,Damaged in Shipping,1
900107,506050,3,2025-01-22,Better Price Found,5
900108,503537,1,2024-09-18,No Longer Needed,1
900109,511487,2,2025-12-26,Wrong Item,2
900110,514169,3,2026-07-13,Wrong Item,3
900111,503002,3,2024-08-05,No Longer Needed,6
900112,507490,2,2025-05-13,Wrong Item,1
900113,502234,3,2024-06-09,Damaged in Shipping,5
900114,510728,2,2025-12-16,Better Price Found,2
900115,507988,4,2025-06-19,Damaged in Shipping,2
900116,512164,1,2026-02-14,Better Price Found,3
900117,505118,2,2024-12-04,Better Price Found,5
900118,512258,3,2026-03-09,Damaged in Shipping,1
900119,510023,1,2025-10-20,Better Price Found,4
900120,505647,1,2025-01-15,Better Price Found,1
900121,508258,2,2025-06-29,Damaged in Shipping,3
900122,502215,2,2024-06-24,Damaged in Shipping,4
900123,501548,3,2024-05-05,Defective,6
900124,512586,4,2026-03-31,Damaged in Shipping,2
900125,505989,2,2025-02-04,No Longer Needed,4
900126,500996,1,2024-03-23,Wrong Item,4
900127,505352,1,2025-01-03,Damaged in Shipping,1
900128,509066,1,2025-09-06,Better Price Found,5
900129,513477,1,2026-06-07,Better Price Found,4
900130,514636,4,2026-08-19,Better Price Found,1
900131,509078,4,2025-09-04,Wrong Item,3
900132,500982,2,2024-03-30,Damaged in Shipping,2
900133,512256,1,2026-03-05,Damaged in Shipping,2
900134,503145,2,2024-08-26,Defective,5
900135,505472,2,2025-01-08,No Longer Needed,1
900136,504332,2,2024-11-01,No Longer Needed,5
900137,509454,2,2025-10-09,Better Price Found,6
900138,512512,3,2026-03-23,Defective,4
900139,507539,2,2025-05-08,Better Price Found,1
900140,512692,2,2026-03-31,Defective,3
900141,501354,3,2024-04-28,Better Price Found,1
900142,509587,4,2025-09-23,No Longer Needed,4
900143,507778,4,2025-06-15,Better Price Found,2
900144,505184,2,2024-12-28,Defective,1
900145,507001,2,2025-03-29,Better Price Found,1
900146,510034,4,2025-10-25,Damaged in Shipping,2
900147,507052,2,2025-04-05,Better Price Found,2
900148,504903,1,2024-12-02,Wrong Item,6
900149,514662,2,2026-08-09,Better Price Found,4
900150,508656,1,2025-08-15,Damaged in Shipping,2
900151,501911,1,2024-06-07,Damaged in Shipping,5
900152,512806,1,2026-04-18,Damaged in Shipping,1
900153,510353,4,2025-11-27,Defective,4
900154,508474,3,2025-07-12,Better Price Found,5
900155,508581,1,2025-07-17,Better Price Found,2
900156,506633,1,2025-03-25,No Longer Needed,1
900157,508967,2,2025-08-22,Defective,3
900158,509345,1,2025-09-08,Defective,4
900159,507323,1,2025-05-13,No Longer Needed,2
900160,508881,3,2025-08-21,No Longer Needed,2
900161,507408,2,2025-04-27,Damaged in Shipping,6
900162,501809,1,2024-06-03,Wrong Item,4
900163,511872,3,2026-02-02,Damaged in Shipping,1
900164,506595,4,2025-02-26,Better Price Found,6
900165,510639,1,2025-12-17,Wrong Item,6
900166,511451,4,2026-01-08,Damaged in Shipping,5
900167,506423,1,2025-02-24,Better Price Found,3
900168,509419,1,2025-10-05,Better Price Found,5
900169,509520,5,2025-09-24,No Longer Needed,6
900170,504728,1,2024-11-19,Damaged in Shipping,5
900171,508846,5,2025-08-11,Better Price Found,1
900172,505555,3,2024-12-22,No Longer Needed,1
900173,504212,1,2024-10-21,Wrong Item,5
900174,508671,3,2025-08-04,Wrong Item,6
900175,506518,3,2025-03-05,Better Price Found,6
900176,505035,2,2024-12-15,No Longer Needed,5
900177,510138,1,2025-11-04,Wrong Item,1
900178,513209,3,2026-05-13,Wrong Item,2
900179,512104,2,2026-02-02,Defective,1
900180,507159,1,2025-04-25,Damaged in Shipping,5
900181,507569,4,2025-05-08,Defective,3
900182,512654,1,2026-03-18,Wrong Item,5
900183,500314,2,2024-01-28,Damaged in Shipping,1
900184,511871,1,2026-01-26,Damaged in Shipping,1
900185,511636,3,2026-01-18,Defective,1
900186,509554,2,2025-10-17,Wrong Item,5
900187,505308,1,2024-12-17,Defective,3
900188,500218,1,2024-02-09,Damaged in Shipping,5
900189,504632,5,2024-12-04,No Longer Needed,5
900190,503705,1,2024-09-27,Damaged in Shipping,5
900191,514366,1,2026-07-09,No Longer Needed,2
900192,504362,1,2024-11-08,Better Price Found,5
900193,512541,4,2026-04-04,Better Price Found,5
900194,510408,2,2025-11-11,Damaged in Shipping,2
900195,500306,5,2024-01-28,Damaged in Shipping,2
900196,500688,3,2024-03-14,Defective,1
900197,512096,1,2026-02-03,No Longer Needed,4
900198,500180,2,2024-01-22,Damaged in Shipping,1
900199,510479,2,2025-12-10,Wrong Item,6
900200,514517,1,2026-08-10,Wrong Item,6
900201,501828,2,2024-05-19,Better Price Found,5
900202,511009,2,2025-12-08,Wrong Item,5
900203,502319,1,2024-06-22,Wrong Item,1
900204,503942,2,2024-10-13,Damaged in Shipping,1
900205,510826,2,2025-12-13,Better Price Found,4
900206,503844,1,2024-10-15,Wrong Item,2
900207,506920,5,2025-04-12,Damaged in Shipping,1
900208,505174,4,2024-12-24,No Longer Needed,4
900209,510030,2,2025-11-02,No Longer Needed,2
900210,507494,1,2025-05-25,Defective,4
900211,501917,3,2024-05-27,Damaged in Shipping,2
900212,500586,1,2024-03-07,Wrong Item,1
900213,505524,2,2024-12-23,Wrong Item,1
900214,505707,3,2025-01-05,Better Price Found,6
900215,506573,2,2025-03-20,No Longer Needed,6
900216,512047,1,2026-02-18,Wrong Item,6
900217,506148,2,2025-02-07,Wrong Item,1
900218,501207,2,2024-04-26,Better Price Found,5
900219,508278,5,2025-07-01,Better Price Found,2
900220,511255,1,2026-01-03,Damaged in Shipping,4
900221,504184,5,2024-10-23,Defective,1
900222,509734,1,2025-10-04,Defective,3
900223,507833,3,2025-06-03,No Longer Needed,4
900224,508040,1,2025-06-14,Better Price Found,5
900225,508209,3,2025-07-01,Damaged in Shipping,3
900226,505423,3,2024-12-12,Better Price Found,3
900227,507944,3,2025-05-30,Better Price Found,2
900228,511452,5,2025-12-30,Damaged in Shipping,1
900229,513752,1,2026-06-16,No Longer Needed,3
900230,500703,1,2024-03-02,Better Price Found,1
900231,511541,4,2026-01-08,Defective,2
900232,507243,3,2025-04-30,Damaged in Shipping,4
900233,503883,1,2024-10-24,No Longer Needed,5
900234,513196,1,2026-04-29,Better Price Found,4
900235,509119,2,2025-09-07,Better Price Found,5
900236,505540,1,2025-01-16,Wrong Item,6
900237,502473,1,2024-07-10,Defective,4
900238,505211,3,2024-12-20,No Longer Needed,6
900239,508978,5,2025-09-03,No Longer Needed,1
900240,508846,4,2025-08-20,Wrong Item,1
900241,508236,5,2025-07-05,Defective,4
900242,512098,2,2026-02-10,No Longer Needed,1
900243,511081,3,2025-12-29,Wrong Item,4
900244,512208,1,2026-02-10,No Longer Needed,4
900245,507041,5,2025-04-17,No Longer Needed,4
900246,507698,2,2025-06-06,Defective,5
900247,504535,4,2024-11-07,Damaged in Shipping,2
900248,506113,4,2025-01-31,Damaged in Shipping,1
900249,513277,2,2026-05-16,Defective,4
900250,510008,2,2025-10-24,Damaged in Shipping,1
900251,506036,5,2025-01-29,Defective,2
900252,502291,1,2024-06-17,Better Price Found,4
900253,512616,1,2026-03-27,No Longer Needed,2
900254,513849,1,2026-06-11,Wrong Item,6
900255,509479,2,2025-09-15,Wrong Item,1
900256,510446,4,2025-11-23,Wrong Item,3
900257,511302,2,2025-12-20,Wrong Item,3
900258,503276,1,2024-08-31,Wrong Item,4
900259,508943,1,2025-08-16,Wrong Item,4
900260,510630,1,2025-11-21,Better Price Found,2
900261,500595,2,2024-02-25,Damaged in Shipping,5
900262,509699,1,2025-10-02,Wrong Item,1
900263,502026,2,2024-06-07,Defective,3
900264,506135,4,2025-01-27,Defective,2
900265,512733,1,2026-03-20,Defective,3
900266,501141,5,2024-04-03,Damaged in Shipping,1
900267,503846,5,2024-09-26,Better Price Found,3
900268,505025,5,2024-12-24,Better Price Found,5
900269,512148,4,2026-02-08,Better Price Found,1
900270,507181,1,2025-05-01,Wrong Item,1
900271,509200,1,2025-09-06,Better Price Found,1
900272,501946,1,2024-06-10,Better Price Found,1
900273,504278,1,2024-11-12,No Longer Needed,1
900274,501934,2,2024-05-23,No Longer Needed,2
900275,505586,4,2025-01-12,Damaged in Shipping,3
900276,507865,2,2025-05-26,Defective,1
900277,502398,4,2024-06-20,No Longer Needed,1
900278,510210,2,2025-11-23,Defective,3
900279,505912,2,2025-01-19,Damaged in Shipping,3
900280,509929,2,2025-10-22,Better Price Found,4
900281,508167,3,2025-06-30,Defective,3
900282,508372,3,2025-07-23,Better Price Found,4
900283,503170,2,2024-09-10,Wrong Item,5
900284,511636,4,2026-01-25,Better Price Found,6
900285,503722,1,2024-10-03,Wrong Item,6
900286,505518,2,2024-12-18,No Longer Needed,2
900287,506056,1,2025-01-17,No Longer Needed,5
900288,513250,1,2026-05-21,Wrong Item,4
900289,504021,3,2024-10-20,No Longer Needed,6
900290,507831,1,2025-06-10,Better Price Found,3
900291,511469,4,2026-01-05,Defective,2
900292,506756,3,2025-04-07,Wrong Item,4
900293,501484,4,2024-04-24,Damaged in Shipping,2
900294,513563,2,2026-06-03,Defective,3
900295,504589,3,2024-11-09,Wrong Item,1
900296,502012,1,2024-06-09,Better Price Found,1
900297,505437,2,2024-12-29,No Longer Needed,5
900298,500070,1,2024-01-20,Defective,4
900299,513203,2,2026-05-13,No Longer Needed,1
900300,509044,3,2025-08-20,Defective,4
900301,505957,3,2025-01-24,Damaged in Shipping,5
900302,505255,1,2024-12-14,Damaged in Shipping,1
900303,506715,1,2025-04-04,No Longer Needed,5
900304,514398,1,2026-07-15,Better Price Found,5
900305,501666,1,2024-05-11,No Longer Needed,1
900306,501702,2,2024-05-17,Defective,1
900307,504481,2,2024-11-16,Better Price Found,4
900308,501709,2,2024-05-15,Wrong Item,3
900309,505340,5,2025-01-04,Better Price Found,2
900310,503037,1,2024-08-18,Damaged in Shipping,2
900311,507500,1,2025-05-01,Damaged in Shipping,4
900312,509294,2,2025-09-26,No Longer Needed,5
900313,500113,3,2024-02-01,Wrong Item,1
900314,506163,3,2025-02-03,Wrong Item,1
900315,509604,1,2025-09-23,Damaged in Shipping,3
900316,509007,3,2025-08-11,No Longer Needed,2
900317,513768,3,2026-06-05,Wrong Item,6
900318,503878,2,2024-10-02,Damaged in Shipping,1
900319,511907,2,2026-02-09,Defective,1
900320,506189,1,2025-02-18,Better Price Found,5
900321,509242,1,2025-09-13,Better Price Found,1
900322,506579,1,2025-02-28,Better Price Found,1
900323,511481,3,2026-01-15,No Longer Needed,1
900324,510204,1,2025-11-27,Wrong Item,4
900325,506260,3,2025-02-04,No Longer Needed,5
900326,514223,2,2026-07-17,Better Price Found,3
900327,501140,1,2024-04-17,Defective,6
900328,502311,3,2024-07-05,Better Price Found,4
900329,514528,3,2026-07-19,Better Price Found,5
900330,500842,1,2024-03-18,Wrong Item,1
900331,510073,1,2025-11-07,Better Price Found,6
900332,500740,5,2024-03-23,Damaged in Shipping,4
900333,502045,2,2024-06-09,No Longer Needed,1
900334,510090,2,2025-11-20,Wrong Item,3
900335,503681,3,2024-09-28,Defective,3
900336,510333,3,2025-11-06,Better Price Found,5
900337,507460,2,2025-05-15,Better Price Found,3
900338,500105,4,2024-02-01,Wrong Item,5
900339,501035,4,2024-04-17,Wrong Item,5
900340,513411,3,2026-05-07,No Longer Needed,6
900341,500688,2,2024-03-16,No Longer Needed,4
900342,513311,2,2026-05-15,No Longer Needed,2
900343,510248,4,2025-11-12,Defective,4
900344,514472,1,2026-08-02,No Longer Needed,4
900345,512169,4,2026-02-15,Better Price Found,2
900346,507454,4,2025-05-14,Better Price Found,6
900347,509635,3,2025-09-25,Better Price Found,5
900348,505115,3,2024-12-23,Better Price Found,1
900349,512341,1,2026-03-18,Damaged in Shipping,1
900350,508013,3,2025-06-18,Damaged in Shipping,2
900351,502810,3,2024-07-16,Damaged in Shipping,4
900352,504057,3,2024-10-22,No Longer Needed,1
900353,511385,4,2025-12-28,Wrong Item,1
900354,504289,1,2024-11-16,Better Price Found,1
900355,512292,2,2026-03-05,No Longer Needed,6
900356,506155,3,2025-02-09,Damaged in Shipping,2
900357,500208,2,2024-01-22,Wrong Item,4
900358,510107,2,2025-11-08,No Longer Needed,5
900359,504612,1,2024-11-19,Defective,2
900360,509042,4,2025-08-22,Better Price Found,3
900361,514082,3,2026-06-25,Damaged in Shipping,2
900362,510536,4,2025-12-05,No Longer Needed,1
900363,506258,1,2025-02-17,Wrong Item,3
900364,511049,2,2026-01-01,Better Price Found,1
900365,502446,2,2024-07-19,No Longer Needed,4
900366,506728,1,2025-03-22,No Longer Needed,1
900367,505366,2,2025-01-03,Damaged in Shipping,3
900368,512558,2,2026-03-26,No Longer Needed,4
900369,512210,4,2026-03-04,Defective,5
900370,505771,1,2025-01-24,No Longer Needed,3
900371,511324,2,2025-12-18,Defective,1
900372,511139,1,2025-12-20,No Longer Needed,5
900373,503634,2,2024-10-07,Defective,2
900374,514284,3,2026-07-27,No Longer Needed,1
900375,513702,1,2026-06-21,Better Price Found,4
900376,505686,4,2024-12-25,No Longer Needed,3
900377,513722,1,2026-05-29,No Longer Needed,6
900378,501314,2,2024-05-06,Wrong Item,1
900379,500919,2,2024-04-09,Better Price Found,5
900380,504423,2,2024-11-29,Defective,1
900381,505357,2,2024-12-17,No Longer Needed,6
900382,513889,3,2026-06-22,Wrong Item,3
900383,500435,2,2024-03-02,Better Price Found,5
900384,501719,4,2024-05-09,Wrong Item,1
900385,504260,2,2024-10-28,Defective,1
900386,506135,1,2025-01-21,Better Price Found,4
900387,502072,1,2024-05-30,Defective,5
900388,509992,4,2025-11-01,No Longer Needed,1
900389,500116,1,2024-01-15,Damaged in Shipping,1
900390,512390,1,2026-03-22,Wrong Item,4
900391,508301,1,2025-07-01,Better Price Found,1
900392,506076,2,2025-01-27,Wrong Item,5
900393,512974,3,2026-04-22,Wrong Item,4
900394,509687,1,2025-10-10,Damaged in Shipping,1
900395,508843,2,2025-08-15,Defective,4
900396,511512,3,2026-01-03,Damaged in Shipping,2
900397,513429,5,2026-05-12,Better Price Found,5
900398,511778,1,2026-01-21,Better Price Found,5
900399,505739,2,2025-01-17,Better Price Found,5
900400,504855,2,2024-12-02,Better Price Found,5
900401,501397,2,2024-05-10,Defective,4
900402,512144,1,2026-03-03,Better Price Found,6
900403,510274,2,2025-11-30,Defective,6
900404,512389,2,2026-03-24,Defective,6
900405,500520,2,2024-03-01,Better Price Found,1
900406,503076,3,2024-08-16,Wrong Item,5
900407,502329,3,2024-07-04,Better Price Found,4
900408,501944,1,2024-06-14,No Longer Needed,2
900409,500083,3,2024-01-21,Damaged in Shipping,3
900410,502213,1,2024-07-02,Damaged in Shipping,3
900411,502531,2,2024-07-13,Defective,1
900412,505920,4,2025-01-22,Defective,1
900413,507182,3,2025-04-13,No Longer Needed,2
900414,502542,4,2024-07-19,Wrong Item,1
900415,501356,1,2024-04-17,Wrong Item,5
900416,512143,1,2026-02-26,No Longer Needed,1
900417,510442,3,2025-12-01,Defective,4
900418,505631,5,2025-01-08,Damaged in Shipping,6
900419,511228,2,2026-01-01,Defective,6
900420,514636,1,2026-08-22,Wrong Item,3
900421,501142,2,2024-04-14,Defective,5
900422,507227,1,2025-04-14,Wrong Item,2
900423,502805,4,2024-07-17,No Longer Needed,3
900424,505908,1,2025-01-05,Damaged in Shipping,6
900425,513774,1,2026-06-16,Wrong Item,4
900426,502729,1,2024-07-20,Better Price Found,1
900427,501950,2,2024-06-06,Defective,2
900428,514510,4,2026-07-24,Defective,2
900429,507668,1,2025-06-05,Wrong Item,6
900430,502971,3,2024-08-01,Better Price Found,5
900431,506420,1,2025-03-06,No Longer Needed,3
900432,512059,2,2026-01-29,Damaged in Shipping,1
900433,501839,1,2024-05-29,Wrong Item,4
900434,505194,5,2024-12-22,No Longer Needed,1
900435,504151,1,2024-10-18,Damaged in Shipping,5
900436,500919,1,2024-04-13,No Longer Needed,1
900437,504843,5,2024-12-12,Wrong Item,2
900438,508941,2,2025-08-07,Damaged in Shipping,3
900439,502214,4,2024-06-08,Damaged in Shipping,5
900440,502711,2,2024-07-17,Defective,5
900441,502010,4,2024-06-05,Damaged in Shipping,1
900442,507347,1,2025-04-22,No Longer Needed,1
900443,510153,3,2025-11-14,Damaged in Shipping,4
900444,507953,4,2025-06-18,No Longer Needed,1
900445,505022,4,2024-12-24,Better Price Found,2
900446,508274,1,2025-07-13,Wrong Item,4
900447,512695,1,2026-04-13,Better Price Found,1
900448,506066,3,2025-02-09,Better Price Found,1
900449,507012,1,2025-04-01,Damaged in Shipping,4
900450,509478,5,2025-10-01,Defective,5
900451,500719,4,2024-03-24,Defective,3
900452,509214,5,2025-08-25,Defective,4
900453,500375,2,2024-02-20,Better Price Found,3
900454,512370,1,2026-03-21,Better Price Found,1
900455,502413,1,2024-06-26,Defective,1
900456,511363,1,2026-01-08,No Longer Needed,3
900457,511717,2,2026-01-21,Better Price Found,3
900458,503365,5,2024-08-24,Damaged in Shipping,3
900459,503959,4,2024-10-07,Better Price Found,4
900460,501214,1,2024-04-14,Better Price Found,1
900461,501651,3,2024-05-22,Damaged in Shipping,1
900462,509904,3,2025-10-24,Wrong Item,5
900463,502009,1,2024-06-09,Wrong Item,3
900464,507341,5,2025-05-04,Wrong Item,2
900465,513497,2,2026-06-08,Better Price Found,3
900466,513657,4,2026-06-01,Damaged in Shipping,3
900467,506038,2,2025-02-11,Wrong Item,3
900468,511063,1,2025-12-23,Better Price Found,3
900469,510280,1,2025-11-16,Defective,6
900470,510800,1,2025-12-15,Wrong Item,2
900471,502076,5,2024-06-21,Better Price Found,2
900472,507788,2,2025-05-21,Wrong Item,3
900473,504968,1,2024-12-08,Wrong Item,3
900474,501886,2,2024-06-11,Damaged in Shipping,1
900475,506288,3,2025-02-12,Defective,2
900476,504549,1,2024-11-09,No Longer Needed,1
900477,505336,2,2024-12-22,Better Price Found,2
900478,513144,3,2026-04-17,Damaged in Shipping,4
900479,512867,2,2026-04-23,Defective,3
900480,500126,2,2024-01-24,Defective,4
900481,506090,1,2025-01-25,Defective,2
900482,510830,2,2025-12-10,Wrong Item,5
900483,512268,1,2026-03-06,Better Price Found,3
900484,514508,3,2026-07-29,Better Price Found,6
900485,504258,1,2024-10-20,Wrong Item,5
900486,512702,4,2026-03-26,Better Price Found,5
900487,503245,3,2024-08-29,No Longer Needed,5
900488,513380,2,2026-05-07,Wrong Item,1
900489,501523,3,2024-05-22,Damaged in Shipping,2
900490,501353,3,2024-04-23,Defective,5
900491,508063,1,2025-06-12,Damaged in Shipping,2
900492,507079,2,2025-04-07,Damaged in Shipping,5
900493,513067,5,2026-04-19,Better Price Found,6
900494,502327,3,2024-06-28,Defective,5
900495,502164,4,2024-06-30,No Longer Needed,1
900496,512954,3,2026-04-04,No Longer Needed,4
900497,504839,3,2024-12-13,Wrong Item,1
900498,502091,2,2024-06-20,Damaged in Shipping,2
900499,509052,5,2025-08-24,Damaged in Shipping,3
900500,502595,5,2024-07-24,Damaged in Shipping,1
900501,507752,2,2025-06-09,Defective,3
900502,507724,4,2025-05-16,Wrong Item,1
900503,506507,1,2025-03-10,Damaged in Shipping,4
900504,510144,2,2025-11-10,Wrong Item,4
900505,507763,1,2025-06-10,Damaged in Shipping,2
900506,504996,3,2024-11-28,Wrong Item,4
900507,505091,4,2024-12-12,No Longer Needed,2
900508,503185,4,2024-09-10,Better Price Found,3
900509,507924,3,2025-06-22,Defective,5
900510,512364,4,2026-03-18,Defective,3
900511,501776,3,2024-06-04,Defective,5
900512,504619,2,2024-11-27,Wrong Item,5
900513,501065,4,2024-04-11,Defective,6
900514,514330,1,2026-07-14,No Longer Needed,1
900515,512410,4,2026-03-01,Wrong Item,6
900516,501379,3,2024-04-16,Damaged in Shipping,4
900517,512221,1,2026-02-13,No Longer Needed,1
900518,500781,1,2024-03-06,Defective,3
900519,503518,3,2024-09-13,No Longer Needed,3
900520,511798,2,2026-01-10,Better Price Found,1
900521,509155,4,2025-09-14,No Longer Needed,1
900522,500652,5,2024-03-13,Damaged in Shipping,1
900523,505485,2,2025-01-05,No Longer Needed,1
900524,512079,4,2026-02-04,Defective,1
900525,510482,2,2025-12-02,Damaged in Shipping,1
900526,500845,3,2024-04-03,Wrong Item,1
900527,501888,2,2024-06-10,No Longer Needed,3
900528,512568,2,2026-03-21,Defective,6
900529,504706,1,2024-11-27,Defective,1
900530,513936,3,2026-06-09,Defective,5
900531,503465,1,2024-09-24,Better Price Found,1
900532,510416,3,2025-11-09,Wrong Item,5
900533,504114,1,2024-10-16,Better Price Found,1
900534,507281,4,2025-04-24,Better Price Found,5
900535,501091,2,2024-04-25,Defective,2
900536,506901,2,2025-04-09,No Longer Needed,2
900537,502307,3,2024-06-19,Defective,2
900538,503606,1,2024-10-06,Defective,1
900539,511473,2,2025-12-22,No Longer Needed,3
900540,514183,3,2026-07-14,Wrong Item,1
900541,500151,2,2024-01-31,No Longer Needed,5
900542,510508,1,2025-12-04,Wrong Item,2
900543,505347,4,2025-01-02,Wrong Item,3
900544,502074,3,2024-06-27,Damaged in Shipping,1
900545,501266,3,2024-05-04,Better Price Found,4
900546,513663,1,2026-06-03,Damaged in Shipping,3
900547,511605,2,2026-01-19,Defective,4
900548,511514,2,2026-01-07,Damaged in Shipping,4
900549,503198,4,2024-09-05,Damaged in Shipping,2
900550,504145,3,2024-10-29,Wrong Item,1
900551,501884,2,2024-05-26,Damaged in Shipping,4
900552,504018,1,2024-11-03,No Longer Needed,6
900553,514199,2,2026-07-19,Damaged in Shipping,2
900554,504222,1,2024-10-28,Better Price Found,4
900555,510773,1,2025-12-13,Defective,1
900556,503985,3,2024-10-11,Damaged in Shipping,1
900557,506228,1,2025-01-30,No Longer Needed,5
900558,506022,3,2025-02-05,Wrong Item,4
900559,505029,1,2024-12-22,Defective,1
900560,507051,2,2025-04-11,Defective,5
900561,504817,3,2024-11-24,No Longer Needed,5
900562,506191,2,2025-01-24,Wrong Item,5
900563,508929,4,2025-08-05,Better Price Found,4
900564,504090,4,2024-10-31,Damaged in Shipping,5
900565,505737,2,2025-01-24,Defective,2
900566,512301,2,2026-03-02,Damaged in Shipping,3
900567,500208,1,2024-02-09,No Longer Needed,2
900568,512329,1,2026-03-13,Wrong Item,4
900569,507522,4,2025-05-17,Better Price Found,3
900570,504551,3,2024-11-15,Damaged in Shipping,1
900571,503315,3,2024-08-24,Better Price Found,1
900572,508327,3,2025-07-19,No Longer Needed,1
900573,500682,1,2024-03-13,Better Price Found,5
900574,508776,1,2025-08-04,Defective,3
900575,500268,2,2024-02-12,Defective,5
900576,510401,1,2025-11-09,Better Price Found,1
900577,512853,1,2026-04-20,Better Price Found,4
900578,505198,3,2024-12-23,Damaged in Shipping,3
900579,508282,5,2025-07-16,Defective,6
900580,500999,4,2024-03-28,Defective,2
900581,502758,3,2024-08-06,Better Price Found,4
900582,504200,2,2024-11-08,Wrong Item,1
900583,503744,3,2024-10-09,Better Price Found,2
900584,508612,3,2025-07-21,No Longer Needed,1
900585,504843,4,2024-12-14,Wrong Item,6
900586,507781,2,2025-06-17,Wrong Item,1
900587,501771,1,2024-05-15,Damaged in Shipping,3
900588,512882,2,2026-04-13,No Longer Needed,4
900589,511281,3,2025-12-20,No Longer Needed,4
900590,502523,2,2024-07-15,No Longer Needed,2
900591,504069,1,2024-10-14,Better Price Found,3
900592,508502,2,2025-07-22,Better Price Found,4
900593,503231,3,2024-09-10,No Longer Needed,4
900594,507017,2,2025-04-01,No Longer Needed,1
900595,510739,2,2025-12-21,Defective,6
900596,510378,2,2025-11-20,Wrong Item,4
900597,503084,2,2024-08-18,Defective,1
900598,512107,2,2026-02-28,Defective,3
900599,511589,1,2025-12-28,Wrong Item,4
900600,504161,3,2024-11-05,No Longer Needed,3
900601,512404,1,2026-03-18,Wrong Item,2
900602,505400,1,2024-12-15,Wrong Item,2
900603,506485,3,2025-02-20,Wrong Item,2
900604,503729,1,2024-10-03,Defective,1
900605,502809,4,2024-08-01,No Longer Needed,1
900606,512304,4,2026-03-14,No Longer Needed,4
900607,502673,1,2024-07-19,No Longer Needed,6
900608,501597,5,2024-05-15,Wrong Item,1
900609,508892,5,2025-08-06,Better Price Found,2
900610,502268,1,2024-06-14,No Longer Needed,4
900611,509983,1,2025-10-27,Wrong Item,2
900612,512884,3,2026-03-30,Better Price Found,5
900613,502086,5,2024-06-08,Wrong Item,1
900614,504907,3,2024-12-01,Wrong Item,1
900615,501088,2,2024-04-01,Wrong Item,3
900616,506826,2,2025-03-27,No Longer Needed,2
900617,513993,1,2026-07-04,Damaged in Shipping,2
900618,505303,1,2024-12-15,No Longer Needed,3
900619,504409,2,2024-11-10,Better Price Found,2
900620,503866,3,2024-10-01,Wrong Item,1
900621,514164,1,2026-06-25,Better Price Found,2
900622,504668,3,2024-12-07,No Longer Needed,1
900623,509043,1,2025-08-16,No Longer Needed,2
900624,507921,1,2025-06-15,Defective,2
900625,507711,1,2025-05-26,Defective,3
900626,508145,4,2025-06-20,Defective,5
900627,513650,3,2026-05-22,Defective,1
900628,504301,1,2024-11-12,Damaged in Shipping,3
900629,500403,5,2024-02-05,No Longer Needed,1
900630,509073,2,2025-08-14,Wrong Item,3
900631,506414,2,2025-03-03,Damaged in Shipping,4
900632,509017,2,2025-08-16,Defective,2
900633,504717,3,2024-12-06,Damaged in Shipping,5
900634,512084,1,2026-02-21,No Longer Needed,5
900635,511044,1,2025-12-28,Wrong Item,4
900636,506589,5,2025-02-26,Better Price Found,1
900637,503202,5,2024-08-18,No Longer Needed,2
900638,500961,1,2024-03-19,Wrong Item,2
900639,502363,3,2024-06-23,No Longer Needed,1
900640,510736,2,2025-12-02,Damaged in Shipping,6
900641,507518,4,2025-05-01,Damaged in Shipping,3
900642,500196,1,2024-01-25,Defective,1
900643,503363,3,2024-09-20,No Longer Needed,5
900644,501354,4,2024-05-01,Better Price Found,1
900645,500169,1,2024-02-11,Better Price Found,2
900646,505056,1,2024-12-08,Wrong Item,2
900647,507950,4,2025-06-02,Defective,5
900648,504802,2,2024-11-18,Better Price Found,3
900649,513951,3,2026-06-12,Better Price Found,1
900650,514267,3,2026-07-27,Wrong Item,2
900651,511103,2,2025-12-15,Defective,5
900652,508079,5,2025-07-04,Defective,4
900653,504372,2,2024-10-30,Better Price Found,3
900654,507154,2,2025-04-21,Defective,1
900655,511686,1,2026-01-22,No Longer Needed,5
900656,502233,2,2024-06-27,Damaged in Shipping,2
900657,509409,3,2025-09-29,Wrong Item,1
900658,511950,4,2026-01-28,Defective,1
900659,506468,3,2025-02-21,Wrong Item,1
900660,509987,5,2025-11-14,Defective,3
900661,509378,1,2025-09-23,No Longer Needed,4
900662,513079,4,2026-04-16,No Longer Needed,2
900663,501926,1,2024-05-23,Defective,1
900664,502637,1,2024-07-13,Wrong Item,1
900665,510474,5,2025-11-11,No Longer Needed,6
900666,506095,3,2025-01-26,Better Price Found,1
900667,510393,1,2025-12-02,No Longer Needed,5
900668,507591,2,2025-05-11,Better Price Found,1
900669,513506,1,2026-06-01,Damaged in Shipping,5
900670,508775,1,2025-08-06,No Longer Needed,4
900671,501416,2,2024-05-03,Better Price Found,2
900672,506077,4,2025-02-05,Damaged in Shipping,1
900673,501149,2,2024-04-03,No Longer Needed,3
900674,503154,1,2024-08-25,Better Price Found,3
900675,512051,1,2026-02-03,Defective,3
900676,512380,3,2026-03-19,Wrong Item,4
900677,513870,1,2026-07-02,Wrong Item,1
900678,504957,2,2024-11-27,Better Price Found,1
900679,500435,1,2024-02-19,No Longer Needed,3
900680,507783,1,2025-06-11,Defective,1
900681,508467,5,2025-07-15,Defective,5
900682,512201,3,2026-02-22,Wrong Item,4
900683,500565,3,2024-03-07,No Longer Needed,1
900684,514414,5,2026-07-26,Defective,3
900685,505639,3,2025-01-15,No Longer Needed,4
900686,508026,4,2025-06-16,Damaged in Shipping,5
900687,512374,1,2026-03-04,Wrong Item,2
900688,503411,4,2024-09-05,Damaged in Shipping,1
900689,509087,4,2025-09-10,Damaged in Shipping,6
900690,500946,1,2024-03-19,Damaged in Shipping,2
900691,506744,4,2025-03-25,Wrong Item,2
900692,506656,1,2025-03-17,Better Price Found,5
900693,511616,1,2025-12-30,Damaged in Shipping,4
900694,510939,4,2025-12-22,Wrong Item,5
900695,500665,1,2024-03-23,Damaged in Shipping,4
900696,504679,4,2024-12-04,Damaged in Shipping,3
900697,509791,2,2025-10-18,Wrong Item,1
900698,506440,2,2025-02-17,No Longer Needed,4
900699,505550,1,2025-01-06,No Longer Needed,2
900700,504403,3,2024-11-02,Better Price Found,1
900701,501481,1,2024-04-24,Defective,2
900702,505404,3,2025-01-02,Wrong Item,5
900703,506899,2,2025-03-23,Wrong Item,3
900704,513928,1,2026-06-18,Wrong Item,5
900705,506454,4,2025-02-26,Damaged in Shipping,1
900706,509630,1,2025-10-17,Defective,3
900707,502788,5,2024-08-05,Damaged in Shipping,1
900708,505160,2,2024-12-17,No Longer Needed,1
900709,500779,3,2024-03-31,Better Price Found,5
900710,502611,3,2024-07-10,Defective,5
900711,501404,2,2024-04-21,No Longer Needed,5
900712,509868,1,2025-11-07,Damaged in Shipping,4
900713,510422,1,2025-11-16,Wrong Item,1
900714,505242,2,2024-12-26,Defective,2
900715,502134,1,2024-06-10,Better Price Found,4
900716,508417,1,2025-07-12,Wrong Item,4
900717,513051,4,2026-04-28,Wrong Item,1
900718,506218,1,2025-02-02,Defective,5
900719,504135,1,2024-10-13,Better Price Found,1
900720,513974,4,2026-07-09,Better Price Found,3
900721,511490,4,2026-01-20,Better Price Found,4
900722,511089,5,2026-01-05,Defective,4
900723,508093,5,2025-06-13,Better Price Found,4
900724,501283,4,2024-04-29,Wrong Item,1
900725,500389,1,2024-02-29,Defective,6
900726,502447,3,2024-07-19,No Longer Needed,1
900727,503105,3,2024-08-24,Better Price Found,3
900728,508872,1,2025-08-05,Defective,3
900729,510363,3,2025-11-17,Better Price Found,3
900730,505874,4,2025-01-06,Damaged in Shipping,2
900731,505993,3,2025-02-05,Defective,6
900732,510373,4,2025-11-18,Better Price Found,6
900733,505332,3,2024-12-23,No Longer Needed,3
900734,512150,3,2026-02-28,No Longer Needed,6
900735,510096,2,2025-11-15,No Longer Needed,1
900736,509515,2,2025-10-02,Defective,3
900737,501520,5,2024-05-22,Defective,3
900738,508943,2,2025-08-11,Wrong Item,4
900739,507958,1,2025-06-26,Defective,5
900740,504307,1,2024-10-28,Wrong Item,2
900741,504020,1,2024-10-08,Wrong Item,4
900742,514422,5,2026-08-04,Better Price Found,1
900743,508231,1,2025-07-03,No Longer Needed,5
900744,511870,4,2026-02-08,Better Price Found,3
900745,509797,5,2025-10-15,Damaged in Shipping,4
900746,501889,2,2024-06-14,Defective,5
900747,504416,4,2024-11-28,No Longer Needed,3
900748,508965,5,2025-08-25,Better Price Found,2
900749,513211,4,2026-04-27,Wrong Item,4
900750,500562,4,2024-02-26,Wrong Item,4
900751,508893,2,2025-08-20,Defective,5
900752,509427,2,2025-09-26,Wrong Item,4
900753,513416,2,2026-05-15,Better Price Found,5
900754,508330,5,2025-07-14,Damaged in Shipping,5
900755,509686,5,2025-10-18,No Longer Needed,2
900756,505527,4,2024-12-23,Defective,6
900757,513023,3,2026-04-22,No Longer Needed,1
900758,511606,1,2026-01-21,Damaged in Shipping,1
900759,501626,1,2024-05-27,Better Price Found,1
900760,512758,2,2026-04-04,Damaged in Shipping,2
900761,500440,2,2024-02-13,Defective,4
900762,512866,1,2026-04-06,Damaged in Shipping,3
900763,503173,1,2024-08-12,Better Price Found,5
900764,510384,2,2025-11-10,Damaged in Shipping,2
900765,504216,2,2024-11-01,Damaged in Shipping,4
900766,503074,3,2024-08-31,Wrong Item,1
900767,506530,2,2025-03-18,No Longer Needed,5
900768,504141,3,2024-11-02,Better Price Found,2
900769,511721,2,2026-01-24,Defective,4
900770,501258,3,2024-04-13,No Longer Needed,4
900771,511876,4,2026-02-04,No Longer Needed,3
900772,513908,1,2026-06-27,Damaged in Shipping,6
900773,500227,1,2024-01-29,Better Price Found,2
900774,500709,2,2024-03-20,Better Price Found,3
900775,504214,1,2024-10-25,Wrong Item,6
900776,507063,5,2025-04-14,Damaged in Shipping,3
900777,502445,3,2024-07-11,Damaged in Shipping,1
900778,505958,1,2025-01-26,Damaged in Shipping,4
900779,508168,3,2025-06-30,No Longer Needed,3
900780,509039,1,2025-09-05,Damaged in Shipping,1
900781,502497,4,2024-06-29,No Longer Needed,1
900782,505486,1,2025-01-04,Defective,3
900783,501185,4,2024-04-22,Better Price Found,4
900784,505454,2,2025-01-08,Better Price Found,2
900785,500799,2,2024-03-26,Better Price Found,5
900786,503938,5,2024-10-01,Wrong Item,4
900787,507603,3,2025-05-18,Damaged in Shipping,1
900788,510034,1,2025-11-01,Defective,4
900789,503611,3,2024-09-29,Wrong Item,4
900790,513807,5,2026-06-19,Defective,4
900791,512267,4,2026-02-22,Damaged in Shipping,5
900792,500001,3,2024-01-11,Damaged in Shipping,3
900793,504684,1,2024-11-28,Better Price Found,3
900794,501858,1,2024-05-30,No Longer Needed,4
900795,510224,3,2025-11-23,Better Price Found,2
900796,506503,1,2025-02-27,Damaged in Shipping,2
900797,505767,2,2025-01-11,Better Price Found,6
900798,507408,3,2025-04-25,Wrong Item,4
900799,502438,1,2024-07-05,Defective,5
900800,512340,2,2026-03-14,Defective,2
900801,507986,4,2025-06-15,Defective,4
900802,505020,4,2024-11-30,No Longer Needed,5
900803,502021,4,2024-06-07,Better Price Found,4
900804,507802,3,2025-06-17,Defective,2
900805,509172,1,2025-09-14,Better Price Found,2
900806,505188,3,2024-12-18,Better Price Found,1
900807,510276,2,2025-11-06,Better Price Found,5
900808,500098,2,2024-01-31,Defective,3
900809,506461,1,2025-03-06,Wrong Item,3
900810,511195,1,2025-12-13,Damaged in Shipping,1
900811,501914,1,2024-06-14,Defective,6
900812,506921,1,2025-04-05,Damaged in Shipping,1
900813,504628,4,2024-11-18,Defective,4
900814,514362,3,2026-07-27,Damaged in Shipping,6
900815,500248,2,2024-02-08,Better Price Found,3
900816,510594,3,2025-12-13,Defective,1
900817,514403,2,2026-07-25,Defective,1
900818,502807,1,2024-08-09,Damaged in Shipping,5
900819,506242,4,2025-02-23,Defective,2
900820,501433,3,2024-05-14,Defective,5
900821,512157,2,2026-02-19,Wrong Item,5
900822,500341,2,2024-02-22,Damaged in Shipping,4
900823,503943,1,2024-10-15,Damaged in Shipping,1
900824,506163,4,2025-01-29,No Longer Needed,3
900825,507116,1,2025-04-09,Damaged in Shipping,5
900826,506188,2,2025-02-14,Defective,2
900827,500179,1,2024-02-09,No Longer Needed,1
900828,501200,4,2024-04-06,Defective,4
900829,514396,2,2026-07-25,No Longer Needed,6
900830,507592,4,2025-05-31,No Longer Needed,5
900831,509195,1,2025-09-11,Defective,3
900832,505199,2,2024-12-10,No Longer Needed,2
900833,505055,3,2024-12-21,Defective,3
900834,512689,2,2026-03-27,Damaged in Shipping,2
900835,508872,2,2025-08-30,Defective,3
900836,509027,2,2025-08-18,Better Price Found,5
900837,506501,1,2025-02-22,Wrong Item,5
900838,508970,4,2025-08-18,No Longer Needed,2
900839,508689,1,2025-07-24,Defective,1
900840,508868,3,2025-08-15,Defective,1
900841,508215,1,2025-07-14,No Longer Needed,3
900842,511049,5,2025-12-20,No Longer Needed,2
900843,502223,2,2024-06-20,No Longer Needed,4
900844,507294,3,2025-04-19,Better Price Found,3
900845,514543,3,2026-08-14,Damaged in Shipping,3
900846,502529,2,2024-07-16,Better Price Found,2
900847,504420,2,2024-11-28,Defective,2
900848,500845,1,2024-03-23,Better Price Found,6
900849,514553,3,2026-07-31,Wrong Item,1
900850,505216,2,2024-12-30,Damaged in Shipping,3
900851,502078,1,2024-05-30,Wrong Item,5
900852,503443,5,2024-09-09,Better Price Found,4
900853,501899,1,2024-06-08,Better Price Found,5
900854,508449,1,2025-08-03,No Longer Needed,1
900855,510974,1,2025-12-08,Damaged in Shipping,1
900856,500715,3,2024-03-18,Damaged in Shipping,5
900857,507461,2,2025-05-03,Better Price Found,6
900858,503587,2,2024-09-27,Defective,4
900859,514217,2,2026-07-19,No Longer Needed,1
900860,502931,1,2024-07-30,No Longer Needed,6
900861,508081,3,2025-06-28,Better Price Found,2
900862,508146,2,2025-06-29,Defective,1
900863,511371,2,2025-12-25,Damaged in Shipping,1
900864,513557,1,2026-05-29,Wrong Item,3
900865,500786,5,2024-03-07,Wrong Item,6
900866,509963,3,2025-11-09,No Longer Needed,1
900867,502411,5,2024-07-13,Better Price Found,1
900868,512821,1,2026-04-10,Wrong Item,1
900869,501871,3,2024-06-10,Defective,3
900870,501531,5,2024-05-23,Defective,3
900871,504017,2,2024-10-27,No Longer Needed,1
900872,504871,1,2024-12-09,No Longer Needed,5
900873,504881,3,2024-12-16,Better Price Found,4
900874,506033,3,2025-01-27,Damaged in Shipping,6
900875,509155,2,2025-08-26,No Longer Needed,2
900876,504355,2,2024-11-01,Wrong Item,2
900877,510041,3,2025-11-12,Better Price Found,1
900878,514635,4,2026-08-14,Better Price Found,1
900879,510443,3,2025-12-04,Better Price Found,5
900880,502126,2,2024-06-19,Wrong Item,4
900881,504852,5,2024-12-06,Defective,6
900882,511218,1,2025-12-23,Defective,4
900883,500819,4,2024-03-28,Wrong Item,4
900884,507082,4,2025-04-24,Defective,2
900885,513074,5,2026-05-05,No Longer Needed,5
900886,507644,1,2025-05-14,Defective,4
900887,508595,1,2025-07-15,Wrong Item,5
900888,509979,4,2025-10-19,Wrong Item,2
900889,505351,1,2025-01-03,No Longer Needed,3
900890,508171,1,2025-07-04,Better Price Found,2
900891,510048,2,2025-11-05,Defective,3
900892,507727,1,2025-06-01,Wrong Item,1
900893,500199,2,2024-01-30,No Longer Needed,4
900894,509807,2,2025-10-26,Wrong Item,4
900895,508303,2,2025-07-21,Better Price Found,1
900896,501568,3,2024-05-22,Better Price Found,2
900897,513509,2,2026-05-25,Defective,3
900898,501964,2,2024-05-27,Better Price Found,4
900899,504980,3,2024-11-25,Better Price Found,1
900900,511780,4,2026-01-25,Damaged in Shipping,1
900901,502616,1,2024-07-14,Defective,1
900902,502722,2,2024-07-19,Better Price Found,6
900903,511067,3,2025-12-27,Defective,2
900904,505684,4,2025-01-01,Damaged in Shipping,4
900905,514532,2,2026-07-26,Wrong Item,6
900906,512055,1,2026-02-05,No Longer Needed,1
900907,502657,4,2024-07-13,Wrong Item,5
900908,511718,2,2026-01-27,Wrong Item,6
900909,509360,2,2025-10-01,No Longer Needed,1
900910,511539,1,2026-01-10,No Longer Needed,2
900911,511972,3,2026-01-28,Defective,5
900912,505275,2,2024-12-28,Better Price Found,5
900913,503020,2,2024-08-25,Defective,1
900914,510836,4,2025-12-12,Damaged in Shipping,6
900915,511347,3,2025-12-17,Wrong Item,1
900916,508486,2,2025-08-04,Defective,4
900917,510843,5,2025-12-09,Defective,1
900918,513560,4,2026-06-12,Defective,5
900919,505774,4,2025-01-19,Damaged in Shipping,2
900920,514316,2,2026-07-30,Wrong Item,6
900921,502693,4,2024-07-23,No Longer Needed,6
900922,511979,1,2026-02-16,Defective,5
900923,503359,2,2024-08-26,No Longer Needed,6
900924,513648,3,2026-06-12,No Longer Needed,6
900925,511655,1,2026-01-25,Damaged in Shipping,1
900926,504523,3,2024-12-02,Wrong Item,3
900927,512236,4,2026-02-24,Damaged in Shipping,2
900928,507239,5,2025-04-22,Damaged in Shipping,6
900929,511963,3,2026-01-27,Better Price Found,1
900930,513637,4,2026-05-30,Wrong Item,4
900931,511352,1,2026-01-13,Better Price Found,1
900932,506827,1,2025-04-10,Wrong Item,3
900933,511917,5,2026-01-18,Defective,1
900934,507916,2,2025-06-08,No Longer Needed,4
900935,510299,2,2025-11-24,Damaged in Shipping,4
900936,513278,1,2026-05-13,Wrong Item,5
900937,504514,1,2024-11-24,Wrong Item,3
900938,507248,1,2025-04-22,Wrong Item,1
900939,507397,1,2025-05-20,Wrong Item,5
900940,511111,4,2025-12-22,Better Price Found,3
900941,508018,2,2025-06-17,Defective,1
900942,506991,4,2025-03-28,Wrong Item,3
900943,505943,2,2025-01-13,Wrong Item,3
900944,501401,1,2024-04-30,Better Price Found,3
900945,514433,5,2026-07-26,Wrong Item,1
900946,504713,2,2024-11-23,Damaged in Shipping,1
900947,501228,4,2024-04-06,Damaged in Shipping,2
900948,506723,2,2025-03-17,Damaged in Shipping,2
900949,501845,3,2024-06-07,Damaged in Shipping,1
900950,509725,1,2025-10-01,No Longer Needed,1
900951,502705,3,2024-07-12,Damaged in Shipping,2
900952,503253,3,2024-08-23,Better Price Found,5
900953,502861,3,2024-07-28,Wrong Item,3
900954,501481,3,2024-04-27,Defective,6
900955,513518,2,2026-06-03,Better Price Found,5
900956,508844,2,2025-08-27,No Longer Needed,4
900957,503694,4,2024-09-27,No Longer Needed,1
900958,510863,3,2025-12-23,Defective,1
900959,507941,1,2025-06-12,Better Price Found,1
900960,507543,2,2025-05-16,Wrong Item,6
900961,505680,3,2024-12-31,Better Price Found,5
900962,505373,3,2024-12-17,No Longer Needed,1
900963,511640,3,2026-01-04,Damaged in Shipping,3
900964,513802,4,2026-06-27,Damaged in Shipping,5
900965,505671,2,2025-01-18,Defective,4
900966,506927,2,2025-03-26,Defective,1
900967,504863,2,2024-12-04,Wrong Item,2
900968,502204,3,2024-06-20,Wrong Item,5
900969,506234,1,2025-02-17,No Longer Needed,6
900970,502715,3,2024-07-21,Wrong Item,5
900971,504203,3,2024-10-20,No Longer Needed,2
900972,508870,2,2025-08-15,Defective,3
900973,505104,1,2024-12-23,Wrong Item,4
900974,502010,3,2024-05-25,Better Price Found,3
900975,505436,4,2024-12-15,Damaged in Shipping,2
900976,501813,1,2024-06-10,No Longer Needed,4
900977,510801,1,2025-11-27,Defective,4
900978,504969,2,2024-12-23,Wrong Item,3
900979,514314,1,2026-07-25,Defective,1
900980,506468,1,2025-03-11,No Longer Needed,1
900981,514664,2,2026-08-19,No Longer Needed,5
900982,502163,3,2024-06-15,Defective,2
900983,509221,3,2025-09-20,No Longer Needed,4
900984,503733,1,2024-10-05,Better Price Found,3
900985,509535,2,2025-09-27,Damaged in Shipping,6
900986,513989,4,2026-06-28,Damaged in Shipping,3
900987,500369,1,2024-02-06,Wrong Item,5
900988,503687,2,2024-10-07,Better Price Found,2
900989,511924,1,2026-02-11,Defective,1
900990,507197,3,2025-04-09,Better Price Found,3
900991,513344,2,2026-05-02,Wrong Item,5
900992,508526,2,2025-07-30,Defective,4
900993,509191,1,2025-08-30,Better Price Found,4
900994,500939,1,2024-04-04,Defective,2
900995,512894,1,2026-03-30,Wrong Item,1
900996,511586,2,2026-01-16,Better Price Found,1
900997,512148,3,2026-02-17,Wrong Item,5
900998,506852,2,2025-03-26,Better Price Found,3
900999,500087,3,2024-02-04,Defective,1
901000,501199,1,2024-04-30,Damaged in Shipping,3
901001,503452,1,2024-09-07,Damaged in Shipping,6
901002,509900,3,2025-10-26,No Longer Needed,3
901003,509938,4,2025-11-06,Damaged in Shipping,3
901004,505826,3,2025-01-14,Better Price Found,3
901005,504027,2,2024-10-31,Damaged in Shipping,2
901006,506332,3,2025-02-21,No Longer Needed,5
901007,504459,1,2024-11-28,Defective,1
901008,513147,1,2026-04-22,Better Price Found,5
901009,503561,1,2024-09-10,Wrong Item,5
901010,505200,1,2024-12-14,Wrong Item,1
901011,511253,4,2025-12-27,Defective,5
901012,504527,3,2024-11-25,No Longer Needed,1
901013,505294,1,2025-01-01,Damaged in Shipping,3
901014,502344,2,2024-07-13,Defective,2
901015,513415,2,2026-05-17,Better Price Found,3
901016,511591,5,2026-01-22,Defective,3
901017,504323,3,2024-10-25,Damaged in Shipping,4
901018,508444,1,2025-07-24,Better Price Found,3
901019,502983,2,2024-07-29,Defective,6
901020,514407,5,2026-08-07,No Longer Needed,1
901021,508956,2,2025-08-22,Wrong Item,1
901022,506182,1,2025-02-01,Damaged in Shipping,2
901023,501650,3,2024-05-22,Better Price Found,3
901024,503505,2,2024-09-18,Wrong Item,4
901025,506297,1,2025-02-11,Defective,3
901026,502271,3,2024-06-12,Defective,1
901027,501339,1,2024-04-17,Defective,5
901028,513038,2,2026-04-29,Better Price Found,2
901029,501577,3,2024-05-18,No Longer Needed,3
901030,508735,4,2025-08-12,Defective,6
901031,513813,3,2026-06-25,Better Price Found,1
901032,513156,2,2026-04-20,Wrong Item,6
901033,506087,1,2025-01-22,Defective,3
901034,507645,1,2025-05-17,No Longer Needed,1
901035,507937,2,2025-06-27,Defective,2
901036,500117,2,2024-01-14,Defective,5
901037,514269,3,2026-07-03,No Longer Needed,2
901038,509326,1,2025-09-08,Defective,4
901039,507351,1,2025-05-09,Defective,5
901040,505680,1,2025-01-12,Wrong Item,1
901041,500280,4,2024-02-24,Damaged in Shipping,2
901042,504330,2,2024-11-13,Damaged in Shipping,5
901043,508132,1,2025-06-24,Wrong Item,3
901044,500577,3,2024-03-02,Damaged in Shipping,2
901045,506006,1,2025-01-18,Damaged in Shipping,5
901046,503171,1,2024-08-26,Defective,3
901047,503425,3,2024-09-22,No Longer Needed,6
901048,504463,4,2024-12-01,Better Price Found,5
901049,501866,4,2024-05-17,Defective,5
901050,500261,3,2024-01-30,No Longer Needed,4
901051,514516,2,2026-07-19,Defective,6
901052,502072,3,2024-06-05,Damaged in Shipping,4
901053,511221,2,2025-12-20,No Longer Needed,4
901054,504846,5,2024-11-29,No Longer Needed,1
901055,505350,1,2024-12-25,Better Price Found,5
901056,501475,2,2024-04-23,Defective,5
901057,509257,3,2025-09-21,Damaged in Shipping,2
901058,505623,1,2025-01-16,Better Price Found,1
901059,506211,3,2025-02-20,No Longer Needed,2
901060,510290,5,2025-11-20,Damaged in Shipping,2
901061,506406,3,2025-02-15,Better Price Found,3
901062,507571,1,2025-05-06,Better Price Found,4
901063,508111,3,2025-07-07,Wrong Item,3
901064,508766,3,2025-08-16,Defective,1
901065,508217,5,2025-07-15,Defective,1
901066,505275,1,2024-12-08,Defective,3
901067,502798,1,2024-07-22,Wrong Item,1
901068,514644,3,2026-08-03,Defective,2
901069,508283,1,2025-07-07,Wrong Item,3
901070,510119,4,2025-11-24,Damaged in Shipping,5
901071,504884,2,2024-12-02,Damaged in Shipping,2
901072,514506,1,2026-08-09,Wrong Item,4
901073,513269,5,2026-05-14,Wrong Item,6
901074,510452,1,2025-11-29,Defective,1
901075,502701,3,2024-07-11,Defective,6
901076,508829,1,2025-08-21,Wrong Item,2
901077,512270,2,2026-02-16,Wrong Item,1
901078,503325,3,2024-08-22,Better Price Found,5
901079,505769,3,2025-01-08,Damaged in Shipping,3
901080,501784,1,2024-05-14,Defective,5
901081,514595,3,2026-08-22,Wrong Item,1
901082,503943,2,2024-10-20,Better Price Found,1
901083,510484,1,2025-11-14,Defective,5
901084,507744,1,2025-06-02,No Longer Needed,1
901085,512884,1,2026-04-12,Damaged in Shipping,5
901086,514429,1,2026-08-02,Wrong Item,3
901087,500909,3,2024-04-11,Better Price Found,1
901088,505850,3,2025-01-25,Wrong Item,3
901089,506488,1,2025-03-16,Defective,1
901090,513489,2,2026-05-19,No Longer Needed,3
901091,503783,1,2024-09-28,No Longer Needed,5
901092,502610,1,2024-07-09,Better Price Found,4
901093,510267,2,2025-11-24,Damaged in Shipping,2
901094,506786,3,2025-03-14,Damaged in Shipping,4
901095,506988,4,2025-04-19,Better Price Found,4
901096,504583,1,2024-11-08,Defective,5
901097,510619,2,2025-12-10,Wrong Item,1
901098,505683,2,2024-12-27,Better Price Found,2
901099,501179,4,2024-04-17,Wrong Item,1
901100,508423,2,2025-07-12,Damaged in Shipping,1
901101,501239,1,2024-04-07,No Longer Needed,3
901102,507619,1,2025-05-12,No Longer Needed,1
901103,501772,4,2024-06-06,Damaged in Shipping,2
901104,509483,1,2025-10-11,Defective,2
901105,505359,1,2025-01-01,Defective,4
901106,500571,1,2024-03-08,Better Price Found,1
901107,510256,2,2025-11-14,Damaged in Shipping,3
901108,510846,4,2025-12-09,Damaged in Shipping,3
901109,512143,3,2026-02-13,Defective,1
901110,505405,1,2024-12-11,Better Price Found,3
901111,514474,3,2026-07-17,No Longer Needed,6
901112,507491,1,2025-05-09,Defective,4
901113,510067,1,2025-10-25,Defective,3
901114,510055,1,2025-11-01,Defective,5
901115,509775,3,2025-10-10,No Longer Needed,1
901116,510282,2,2025-11-04,Damaged in Shipping,3
901117,509654,2,2025-09-27,Damaged in Shipping,4
901118,504412,4,2024-11-13,Wrong Item,1
901119,511691,2,2026-01-12,Better Price Found,1
901120,505292,3,2024-12-19,Damaged in Shipping,3
901121,506839,3,2025-04-08,Damaged in Shipping,4
901122,509742,2,2025-10-10,No Longer Needed,2
901123,500173,2,2024-01-24,Better Price Found,4
901124,513720,1,2026-06-04,Damaged in Shipping,2
901125,506967,1,2025-04-16,Wrong Item,3
901126,506123,2,2025-02-05,No Longer Needed,6
901127,503769,4,2024-09-25,Wrong Item,3
901128,502587,2,2024-07-04,Damaged in Shipping,6
901129,508665,3,2025-07-27,Better Price Found,5
901130,511812,5,2026-01-14,Better Price Found,5
901131,501632,1,2024-05-10,Damaged in Shipping,1
901132,510435,3,2025-12-04,Damaged in Shipping,1
901133,501879,1,2024-06-02,Damaged in Shipping,3
901134,510748,2,2025-11-30,Damaged in Shipping,2
901135,506387,5,2025-02-19,Better Price Found,3
901136,509854,5,2025-10-10,Better Price Found,3
901137,505104,2,2024-12-21,Better Price Found,2
901138,506197,1,2025-01-24,Wrong Item,3
901139,513086,2,2026-05-06,Wrong Item,6
901140,512302,3,2026-03-05,Wrong Item,6
901141,514280,3,2026-07-20,Wrong Item,6
901142,505330,2,2024-12-23,Better Price Found,4
901143,500957,2,2024-04-03,Damaged in Shipping,1
901144,503280,1,2024-09-05,Better Price Found,6
901145,503011,3,2024-08-19,Defective,2
901146,500498,1,2024-02-25,Damaged in Shipping,2
901147,513551,1,2026-05-29,Defective,3
901148,511904,3,2026-01-31,No Longer Needed,4
901149,513862,2,2026-06-21,Wrong Item,5
901150,501109,3,2024-04-19,Defective,2
901151,505330,4,2024-12-11,Damaged in Shipping,1
901152,501078,2,2024-04-18,No Longer Needed,5
901153,511062,1,2025-12-31,No Longer Needed,5
901154,506191,4,2025-02-22,Better Price Found,4
901155,503916,2,2024-09-30,Damaged in Shipping,4
901156,511633,1,2025-12-28,Wrong Item,4
901157,509281,1,2025-09-24,Wrong Item,6
901158,505541,4,2024-12-21,No Longer Needed,3
901159,506223,1,2025-01-30,Defective,3
901160,502720,3,2024-07-31,Damaged in Shipping,3
901161,504781,2,2024-12-15,Wrong Item,1
901162,507652,3,2025-05-23,Better Price Found,3
901163,513658,2,2026-05-23,No Longer Needed,1
901164,513680,2,2026-06-12,Better Price Found,5
901165,510661,2,2025-12-17,Wrong Item,1
901166,502723,3,2024-07-17,No Longer Needed,1
901167,500594,4,2024-02-24,Better Price Found,1
901168,511781,2,2026-01-12,Wrong Item,3
901169,512248,4,2026-02-14,Damaged in Shipping,1
901170,510884,4,2025-12-19,Defective,4
901171,510523,1,2025-11-23,Wrong Item,4
901172,511418,1,2025-12-27,No Longer Needed,5
901173,503733,2,2024-09-17,Damaged in Shipping,5
901174,506432,2,2025-03-08,Wrong Item,1
901175,505734,4,2024-12-27,Wrong Item,4
901176,509130,2,2025-08-23,Wrong Item,5
901177,502312,2,2024-06-12,Defective,1
901178,508292,3,2025-07-08,Damaged in Shipping,4
901179,507822,4,2025-06-05,Better Price Found,4
901180,504490,1,2024-11-12,Better Price Found,5
901181,504775,1,2024-12-15,No Longer Needed,5
901182,507810,1,2025-05-26,Wrong Item,1
901183,514316,5,2026-07-12,No Longer Needed,1
901184,502073,2,2024-06-27,Defective,2
901185,506863,1,2025-04-08,Better Price Found,4
901186,513806,3,2026-06-10,Damaged in Shipping,2
901187,505915,3,2025-01-21,Defective,1
901188,506949,1,2025-04-08,Damaged in Shipping,5
901189,501435,1,2024-05-01,Defective,5
901190,506463,1,2025-03-11,Damaged in Shipping,4
901191,503708,4,2024-09-20,Better Price Found,4
901192,503195,1,2024-08-26,Wrong Item,4
901193,506189,2,2025-02-11,Damaged in Shipping,1
901194,500310,1,2024-02-16,Better Price Found,3
901195,505792,2,2025-01-18,No Longer Needed,2
901196,504294,3,2024-10-26,Wrong Item,2
901197,506394,3,2025-02-11,Damaged in Shipping,5
901198,504912,5,2024-11-22,Wrong Item,6
901199,500496,2,2024-02-29,Wrong Item,3
901200,505609,5,2024-12-20,Damaged in Shipping,1
901201,509461,2,2025-09-27,Defective,1
901202,509451,1,2025-10-01,Wrong Item,1
901203,511339,5,2026-01-02,Defective,1
901204,509349,3,2025-09-11,Wrong Item,4
901205,510833,1,2025-12-24,Better Price Found,6
901206,511002,2,2025-12-08,Damaged in Shipping,1
901207,505523,2,2024-12-29,No Longer Needed,4
901208,505904,1,2025-01-28,Better Price Found,4
901209,500302,1,2024-02-19,Damaged in Shipping,1
901210,502464,1,2024-06-24,No Longer Needed,1
901211,501969,1,2024-06-12,Better Price Found,4
901212,502159,3,2024-07-01,Defective,2
901213,508495,2,2025-07-16,Defective,2
901214,512135,1,2026-02-13,Damaged in Shipping,2
901215,507776,1,2025-06-15,Wrong Item,5
901216,505719,1,2025-01-22,Defective,4
901217,513349,4,2026-05-27,No Longer Needed,5
901218,504468,1,2024-11-15,Defective,1
901219,512053,5,2026-02-11,No Longer Needed,3
901220,513563,3,2026-05-16,Wrong Item,3
901221,505940,2,2025-01-30,Defective,4
901222,507899,4,2025-06-08,No Longer Needed,4
901223,504521,1,2024-12-04,Damaged in Shipping,6
901224,505115,1,2024-12-16,Defective,3
901225,514373,3,2026-07-21,Wrong Item,2
901226,504003,1,2024-10-08,No Longer Needed,1
901227,513686,3,2026-05-26,Defective,5
901228,506421,2,2025-02-27,Better Price Found,4
901229,504503,3,2024-11-22,Wrong Item,2
901230,503640,1,2024-10-03,Damaged in Shipping,4
901231,500519,2,2024-02-16,Damaged in Shipping,4
901232,505676,2,2024-12-25,Damaged in Shipping,3
901233,500411,2,2024-02-22,Damaged in Shipping,4
901234,502697,4,2024-07-13,No Longer Needed,1
901235,506554,4,2025-03-19,Better Price Found,1
901236,512367,3,2026-03-09,Defective,5
901237,505664,2,2025-01-05,Better Price Found,1
901238,506399,2,2025-02-23,Damaged in Shipping,5
901239,512243,3,2026-02-20,Wrong Item,3
901240,511610,2,2026-01-03,Damaged in Shipping,2
901241,502488,2,2024-07-07,Damaged in Shipping,6
901242,502602,4,2024-07-19,Wrong Item,4
901243,512429,3,2026-02-28,Defective,5
901244,505237,5,2024-12-11,Damaged in Shipping,1
901245,500387,2,2024-02-05,No Longer Needed,3
901246,505667,4,2025-01-20,Wrong Item,3
901247,508053,3,2025-07-05,Better Price Found,1
901248,505063,3,2024-12-17,No Longer Needed,5
901249,501781,1,2024-06-08,Defective,5
901250,504804,5,2024-12-13,Damaged in Shipping,3
901251,500839,1,2024-03-28,Better Price Found,1
901252,504473,4,2024-11-03,Damaged in Shipping,4
901253,506296,1,2025-02-23,Wrong Item,4
901254,504676,2,2024-11-13,No Longer Needed,5
901255,502088,2,2024-06-16,Damaged in Shipping,5
901256,507951,1,2025-06-13,Wrong Item,1
901257,506502,1,2025-03-15,No Longer Needed,1
901258,507400,2,2025-05-05,Defective,3
901259,507392,1,2025-05-01,No Longer Needed,1
901260,506586,1,2025-03-08,Defective,1
901261,503526,3,2024-09-18,Better Price Found,2
901262,514592,4,2026-08-20,No Longer Needed,4
901263,501890,2,2024-06-05,Better Price Found,3
901264,513144,1,2026-05-04,Damaged in Shipping,1
901265,507741,1,2025-06-04,No Longer Needed,4
901266,511742,1,2026-01-20,Wrong Item,3
901267,506519,2,2025-02-28,Better Price Found,3
901268,509049,1,2025-08-18,Better Price Found,5
901269,514634,3,2026-08-09,Wrong Item,2
901270,501264,1,2024-04-07,No Longer Needed,4
901271,507074,4,2025-04-11,Wrong Item,3
901272,514075,5,2026-07-01,Wrong Item,5
901273,501995,4,2024-06-12,No Longer Needed,3
901274,506011,3,2025-02-07,Wrong Item,4
901275,510293,1,2025-11-19,Damaged in Shipping,2
901276,510625,5,2025-12-11,Better Price Found,5
901277,500050,5,2024-01-09,Wrong Item,2
901278,508856,1,2025-08-12,No Longer Needed,5
901279,510641,1,2025-11-20,Defective,1
901280,508299,2,2025-07-17,Damaged in Shipping,3
901281,507633,4,2025-05-11,Wrong Item,6
901282,500910,3,2024-03-19,Wrong Item,1
901283,514361,3,2026-07-19,No Longer Needed,5
901284,513021,2,2026-04-22,Damaged in Shipping,2
901285,506521,1,2025-03-17,No Longer Needed,1
901286,508362,4,2025-07-02,No Longer Needed,1
901287,510640,3,2025-12-05,Damaged in Shipping,1
901288,504550,2,2024-12-04,Defective,1
901289,511028,2,2025-12-11,Better Price Found,1
901290,508484,1,2025-08-02,Wrong Item,3
901291,507058,1,2025-04-08,No Longer Needed,4
901292,503652,3,2024-09-14,Better Price Found,2
901293,508386,3,2025-07-14,Wrong Item,4
901294,506837,1,2025-03-23,Defective,4
901295,502232,1,2024-06-15,Wrong Item,6
901296,514619,1,2026-07-28,Defective,1
901297,500697,1,2024-03-22,Damaged in Shipping,2
901298,502007,1,2024-06-15,Defective,5
901299,505180,2,2024-12-17,Damaged in Shipping,6
901300,509525,1,2025-09-27,No Longer Needed,6
901301,512063,1,2026-02-16,Damaged in Shipping,1
901302,512352,2,2026-03-06,Better Price Found,3
901303,502047,3,2024-05-29,Defective,4
901304,509506,4,2025-09-17,Defective,3
901305,506045,5,2025-01-18,Defective,6
901306,514604,2,2026-08-24,Wrong Item,1
901307,506092,3,2025-02-10,Better Price Found,2
901308,510841,2,2025-12-25,Defective,5
901309,512528,3,2026-03-10,No Longer Needed,5
901310,512245,3,2026-03-09,Defective,4
901311,500089,4,2024-01-24,Defective,1
901312,507967,1,2025-06-11,Damaged in Shipping,3
901313,501099,1,2024-04-07,No Longer Needed,1
901314,500472,1,2024-03-07,Damaged in Shipping,3
901315,500630,1,2024-03-19,Wrong Item,4
901316,512853,2,2026-04-02,Better Price Found,1
901317,500761,1,2024-03-11,Better Price Found,1
901318,504954,3,2024-12-12,Defective,5
901319,501270,3,2024-04-15,Wrong Item,4
901320,503654,1,2024-09-20,Better Price Found,6
901321,514263,2,2026-07-13,Damaged in Shipping,3
901322,503233,1,2024-09-06,No Longer Needed,3
901323,506142,2,2025-01-30,Defective,2
901324,513927,2,2026-07-04,No Longer Needed,5
901325,507933,4,2025-06-19,Defective,2
901326,502932,1,2024-08-10,No Longer Needed,1
901327,512815,1,2026-04-15,Defective,2
901328,511517,2,2025-12-30,Defective,2
901329,506225,1,2025-02-14,Defective,2
901330,504894,1,2024-12-03,Damaged in Shipping,3
901331,506292,2,2025-02-02,Better Price Found,1
901332,510744,5,2025-12-02,Wrong Item,1
901333,512697,4,2026-03-22,Better Price Found,3
901334,503631,1,2024-09-26,Damaged in Shipping,3
901335,501669,3,2024-05-17,No Longer Needed,3
901336,508826,2,2025-08-07,Better Price Found,1
901337,505717,1,2025-01-19,Wrong Item,2
901338,508816,3,2025-08-14,No Longer Needed,2
901339,504926,1,2024-12-17,Defective,4
901340,510335,4,2025-12-03,Defective,5
901341,500209,3,2024-02-09,No Longer Needed,3
901342,501579,3,2024-05-22,Better Price Found,1
901343,504489,2,2024-11-28,Damaged in Shipping,1
901344,514584,3,2026-08-05,Better Price Found,5
901345,508879,2,2025-08-28,Wrong Item,4
901346,507956,2,2025-06-19,No Longer Needed,2
901347,513996,1,2026-06-19,Damaged in Shipping,1
901348,504141,1,2024-11-03,Better Price Found,6
901349,511011,3,2025-12-23,Defective,3
901350,501153,1,2024-04-01,Defective,5
901351,501672,3,2024-05-05,Better Price Found,1
901352,510105,3,2025-11-17,Wrong Item,2
901353,512295,1,2026-02-23,Better Price Found,5
901354,509580,2,2025-10-02,Defective,3
901355,507603,2,2025-05-24,Wrong Item,4
901356,513700,2,2026-05-27,Better Price Found,6
901357,502083,2,2024-06-07,No Longer Needed,4
901358,512531,2,2026-03-16,Damaged in Shipping,3
901359,510484,2,2025-11-11,No Longer Needed,1
901360,508557,3,2025-07-18,Damaged in Shipping,1
901361,513699,1,2026-05-28,No Longer Needed,3
901362,509694,2,2025-10-09,Better Price Found,4
901363,508227,1,2025-07-04,No Longer Needed,4
901364,502360,5,2024-07-09,Defective,2
901365,507366,1,2025-04-21,Defective,1
901366,508393,2,2025-07-16,Wrong Item,4
901367,511706,3,2026-01-07,Defective,3
901368,506960,2,2025-04-12,Defective,4
901369,505913,3,2025-01-08,Damaged in Shipping,3
901370,504154,3,2024-11-03,No Longer Needed,4
901371,505723,1,2025-01-23,Better Price Found,4
901372,502927,2,2024-08-07,Wrong Item,4
901373,513446,2,2026-06-02,Damaged in Shipping,1
901374,512988,1,2026-05-01,Defective,4
901375,509701,3,2025-10-13,Defective,5
901376,512978,3,2026-04-10,Damaged in Shipping,4
901377,501997,2,2024-06-15,No Longer Needed,4
901378,514200,5,2026-07-08,Damaged in Shipping,2
901379,513359,1,2026-05-26,No Longer Needed,5
901380,509811,1,2025-10-23,No Longer Needed,2
901381,504648,1,2024-11-15,Damaged in Shipping,4
901382,503826,2,2024-10-13,Defective,2
901383,507441,1,2025-04-30,Wrong Item,4
901384,503907,1,2024-10-02,Better Price Found,2
901385,500425,2,2024-02-25,Better Price Found,3
901386,513838,4,2026-06-28,Better Price Found,3
901387,511484,2,2025-12-29,Damaged in Shipping,3
901388,508531,3,2025-07-12,Better Price Found,2
901389,503577,2,2024-09-25,Damaged in Shipping,1
901390,510244,5,2025-11-26,Damaged in Shipping,3
901391,503320,3,2024-09-04,Defective,6
901392,504555,1,2024-11-21,Better Price Found,6
901393,510004,2,2025-10-30,Better Price Found,5
901394,507273,4,2025-05-07,Damaged in Shipping,2
901395,500610,2,2024-03-13,Defective,1
901396,511685,5,2026-01-24,No Longer Needed,3
901397,512090,5,2026-02-22,Defective,3
901398,514005,3,2026-07-10,Wrong Item,4
901399,510448,3,2025-11-28,Better Price Found,4
901400,506761,5,2025-04-07,Wrong Item,4
901401,506130,1,2025-02-17,Better Price Found,1
901402,510517,2,2025-11-21,Damaged in Shipping,2
901403,513164,1,2026-05-02,Defective,3
901404,511283,5,2026-01-07,Damaged in Shipping,3
901405,500244,1,2024-02-01,No Longer Needed,1
901406,505783,3,2025-01-24,Wrong Item,1
901407,503733,3,2024-10-08,Wrong Item,6
901408,507063,4,2025-04-15,Wrong Item,3
901409,507328,3,2025-04-19,Wrong Item,3
901410,510331,1,2025-12-04,Better Price Found,4
901411,501052,2,2024-03-28,Better Price Found,6
901412,505528,3,2025-01-05,Better Price Found,3
901413,512068,1,2026-02-09,Better Price Found,1
901414,502609,4,2024-07-16,Wrong Item,3
901415,513921,2,2026-06-24,No Longer Needed,3
901416,509982,1,2025-10-28,Damaged in Shipping,3
901417,510212,3,2025-11-12,Defective,4
901418,508905,2,2025-08-19,Damaged in Shipping,1
901419,503435,2,2024-09-17,No Longer Needed,1
901420,504579,4,2024-11-24,Wrong Item,4
901421,512522,2,2026-03-28,Wrong Item,5
901422,508054,4,2025-06-18,Damaged in Shipping,1
901423,508152,3,2025-07-11,Damaged in Shipping,6
901424,504616,2,2024-11-22,Better Price Found,1
901425,512560,1,2026-04-05,Damaged in Shipping,1
901426,511655,3,2026-01-10,Better Price Found,1
901427,507434,1,2025-05-03,Wrong Item,1
901428,500612,3,2024-03-15,Defective,5
901429,501391,1,2024-05-14,No Longer Needed,2
901430,502565,3,2024-07-12,No Longer Needed,4
901431,501187,2,2024-04-26,Damaged in Shipping,1
901432,512320,2,2026-03-07,No Longer Needed,3
901433,501319,1,2024-05-03,Better Price Found,1
901434,514586,3,2026-08-12,Damaged in Shipping,2
901435,512950,4,2026-05-02,Better Price Found,4
901436,508122,1,2025-06-12,Damaged in Shipping,3
901437,509551,4,2025-09-28,Defective,1
901438,503041,4,2024-08-25,Better Price Found,2
901439,503170,1,2024-08-22,Defective,4
901440,500448,5,2024-02-10,Better Price Found,2
901441,506713,2,2025-03-20,Damaged in Shipping,2
901442,513079,2,2026-04-23,Better Price Found,3
901443,510903,1,2025-12-17,Wrong Item,1
901444,514148,5,2026-07-06,No Longer Needed,1
901445,508790,1,2025-08-24,Damaged in Shipping,5
901446,503132,1,2024-09-02,Defective,6
901447,510728,1,2025-11-29,Better Price Found,1
901448,511137,4,2025-12-10,No Longer Needed,3
901449,510277,3,2025-11-24,Better Price Found,3
901450,511570,1,2026-01-11,Wrong Item,2
901451,508198,2,2025-07-05,No Longer Needed,5
901452,503134,4,2024-09-03,Defective,5
901453,514509,5,2026-07-24,Wrong Item,3
901454,505745,3,2025-01-02,No Longer Needed,1
901455,503256,1,2024-08-27,Better Price Found,1
901456,512492,4,2026-03-08,Wrong Item,3
901457,508412,2,2025-07-04,Wrong Item,2
901458,500031,1,2024-01-14,Defective,3
901459,511791,1,2026-01-17,No Longer Needed,1
901460,502842,2,2024-08-03,Wrong Item,5
901461,503372,1,2024-09-14,No Longer Needed,3
901462,511064,3,2025-12-16,Damaged in Shipping,4
901463,506157,1,2025-02-19,No Longer Needed,4
901464,500027,1,2024-01-27,Damaged in Shipping,5
901465,513737,2,2026-06-02,Wrong Item,3
901466,510428,1,2025-11-22,Defective,1
901467,501035,2,2024-04-05,Damaged in Shipping,5
901468,504544,3,2024-11-11,Better Price Found,5
901469,514109,1,2026-06-22,Wrong Item,1
901470,510886,2,2025-12-05,No Longer Needed,1
901471,511559,3,2026-01-21,Defective,6
901472,504906,1,2024-12-02,Damaged in Shipping,2
901473,504386,4,2024-11-12,No Longer Needed,2
901474,504537,2,2024-11-23,No Longer Needed,2
901475,501004,1,2024-03-30,Damaged in Shipping,2
901476,505303,4,2024-12-31,Damaged in Shipping,2
901477,508872,3,2025-08-17,Better Price Found,3
901478,500312,1,2024-02-12,Damaged in Shipping,5
901479,503501,2,2024-09-02,Damaged in Shipping,3
901480,501967,4,2024-05-30,Wrong Item,5
901481,514209,2,2026-06-26,Better Price Found,2
901482,500424,4,2024-03-03,Better Price Found,5
901483,506629,3,2025-03-03,Defective,3
901484,506410,1,2025-02-28,No Longer Needed,5
901485,505567,1,2024-12-20,Damaged in Shipping,5
901486,512023,3,2026-01-30,No Longer Needed,2
901487,502801,1,2024-07-16,Better Price Found,4
901488,503626,2,2024-10-05,Damaged in Shipping,1
901489,507563,1,2025-05-30,Defective,2
901490,514344,1,2026-07-24,Wrong Item,1
901491,506864,2,2025-04-14,Damaged in Shipping,4
901492,514463,2,2026-07-21,Defective,5
901493,512619,2,2026-04-06,No Longer Needed,2
901494,513181,2,2026-04-27,Damaged in Shipping,6
901495,501346,3,2024-04-15,Damaged in Shipping,5
901496,504087,2,2024-10-29,Damaged in Shipping,3
901497,505230,5,2024-12-08,No Longer Needed,5
901498,505950,2,2025-01-13,No Longer Needed,5
901499,509931,3,2025-10-23,Damaged in Shipping,3
901500,508720,1,2025-07-22,Defective,3
901501,505273,3,2024-12-09,Damaged in Shipping,5
901502,500060,3,2024-01-29,Damaged in Shipping,6
901503,513624,1,2026-05-29,Wrong Item,3
901504,513488,2,2026-05-17,No Longer Needed,1
901505,507412,5,2025-05-18,Damaged in Shipping,4
901506,503158,3,2024-08-29,Better Price Found,5
901507,501819,5,2024-06-11,No Longer Needed,1
901508,514202,3,2026-07-02,Better Price Found,1
901509,508535,1,2025-07-11,Better Price Found,4
901510,503725,5,2024-09-22,Better Price Found,5
901511,504680,2,2024-12-03,Defective,5
901512,512595,2,2026-03-26,Defective,5
901513,512251,2,2026-03-01,Better Price Found,6
901514,503074,1,2024-08-08,Better Price Found,4
901515,503981,2,2024-10-04,Wrong Item,1
901516,508807,2,2025-08-12,Better Price Found,2
901517,511888,1,2026-01-16,No Longer Needed,1
901518,509997,1,2025-10-30,Damaged in Shipping,6
901519,509058,5,2025-09-08,No Longer Needed,5
901520,512700,1,2026-04-01,Damaged in Shipping,6
901521,509719,1,2025-10-04,Better Price Found,5
901522,506664,3,2025-03-26,Wrong Item,3
901523,505098,5,2024-12-11,No Longer Needed,2
901524,508115,1,2025-06-22,Defective,5
901525,507346,3,2025-05-04,Damaged in Shipping,3
901526,503831,1,2024-10-11,No Longer Needed,1
901527,506521,2,2025-02-20,Wrong Item,4
901528,514223,5,2026-07-16,Wrong Item,1
901529,506988,2,2025-04-20,No Longer Needed,4
901530,512078,1,2026-02-08,Damaged in Shipping,4
901531,503444,4,2024-08-31,Damaged in Shipping,2
901532,507298,3,2025-05-10,Defective,4
901533,510867,1,2025-12-05,Damaged in Shipping,4
901534,511731,5,2026-01-05,No Longer Needed,2
901535,503127,1,2024-08-26,Wrong Item,6
901536,500615,1,2024-03-20,No Longer Needed,4
901537,504342,1,2024-10-31,Damaged in Shipping,1
901538,508978,4,2025-09-04,No Longer Needed,4
901539,505614,4,2025-01-18,Wrong Item,5
901540,504068,1,2024-10-26,No Longer Needed,3
901541,511534,2,2025-12-26,No Longer Needed,3
901542,510910,1,2025-12-23,No Longer Needed,5
901543,508076,1,2025-06-18,Better Price Found,2
901544,502686,1,2024-07-08,Defective,4
901545,507138,5,2025-04-25,Defective,5
901546,505332,4,2024-12-08,Better Price Found,3
901547,509863,1,2025-10-11,Better Price Found,4
901548,502479,2,2024-07-09,No Longer Needed,5
901549,501504,5,2024-05-11,No Longer Needed,1
901550,504122,1,2024-10-19,Damaged in Shipping,1
901551,506528,1,2025-02-25,Damaged in Shipping,1
901552,503462,2,2024-09-03,Damaged in Shipping,5
901553,501470,3,2024-05-09,Better Price Found,1
901554,506437,5,2025-03-09,Damaged in Shipping,2
901555,510863,4,2025-12-03,No Longer Needed,3
901556,504052,1,2024-10-13,Better Price Found,3
901557,504556,2,2024-11-18,Wrong Item,6
901558,507989,2,2025-06-05,Damaged in Shipping,3
901559,511590,5,2026-01-03,Wrong Item,1
901560,510454,3,2025-11-10,Better Price Found,3
901561,509130,1,2025-09-04,Damaged in Shipping,3
901562,503411,3,2024-09-18,Better Price Found,3
901563,507932,2,2025-06-15,No Longer Needed,4
901564,501819,1,2024-06-11,Wrong Item,2
901565,504605,1,2024-11-23,Defective,3
901566,507772,3,2025-06-06,Better Price Found,1
901567,510356,1,2025-11-08,Damaged in Shipping,2
901568,508986,3,2025-08-28,Defective,3
901569,513568,1,2026-05-16,No Longer Needed,5
901570,507388,2,2025-05-21,Better Price Found,3
901571,512704,1,2026-03-20,Defective,1
901572,500913,2,2024-04-10,Better Price Found,2
901573,502815,4,2024-07-29,Damaged in Shipping,1
901574,506381,4,2025-02-14,Damaged in Shipping,2
901575,513300,3,2026-05-02,No Longer Needed,1
901576,507738,3,2025-06-05,Wrong Item,5
901577,505157,1,2024-12-25,Damaged in Shipping,1
901578,507909,2,2025-05-31,Wrong Item,4
901579,510966,3,2025-12-06,No Longer Needed,5
901580,506677,2,2025-03-19,Damaged in Shipping,4
901581,508862,5,2025-08-11,Defective,1
901582,510194,1,2025-11-25,No Longer Needed,3
901583,514185,5,2026-07-03,Defective,2
901584,501577,2,2024-05-17,Defective,5
901585,501289,3,2024-04-29,Better Price Found,1
901586,505720,3,2025-01-10,Damaged in Shipping,1
901587,501561,4,2024-05-02,Damaged in Shipping,4
901588,500553,4,2024-02-18,No Longer Needed,6
901589,504383,1,2024-10-30,Better Price Found,5
901590,508195,4,2025-07-02,Better Price Found,5
901591,501334,4,2024-04-14,Wrong Item,4
901592,509494,3,2025-09-14,Defective,4
901593,509988,1,2025-11-03,Wrong Item,5
901594,503302,1,2024-09-11,Defective,5
901595,505715,5,2025-01-07,Damaged in Shipping,3
901596,513583,2,2026-06-06,No Longer Needed,4
901597,503242,3,2024-08-24,Wrong Item,4
901598,507544,2,2025-05-05,No Longer Needed,1
901599,513041,3,2026-04-13,No Longer Needed,1
901600,501699,2,2024-05-22,Defective,3
901601,504160,2,2024-10-23,Wrong Item,2
901602,510140,4,2025-10-27,No Longer Needed,3
901603,508088,2,2025-06-12,Wrong Item,2
901604,507564,1,2025-05-28,Defective,2
901605,507074,1,2025-04-22,No Longer Needed,5
901606,501052,3,2024-03-30,Wrong Item,4
901607,512958,2,2026-04-13,No Longer Needed,6
901608,503215,2,2024-08-22,Better Price Found,5
901609,508823,2,2025-08-24,Better Price Found,2
901610,510050,2,2025-11-13,Better Price Found,1
901611,507865,3,2025-05-26,Defective,1
901612,502511,3,2024-07-25,No Longer Needed,6
901613,501348,2,2024-04-25,No Longer Needed,5
901614,502389,2,2024-06-25,Better Price Found,3
901615,510672,1,2025-11-30,Better Price Found,2
901616,509492,5,2025-09-28,No Longer Needed,5
901617,502315,1,2024-07-08,No Longer Needed,4
901618,507924,5,2025-05-31,No Longer Needed,3
901619,514663,1,2026-08-19,Better Price Found,1
901620,503121,4,2024-08-16,No Longer Needed,1
901621,500149,1,2024-01-31,No Longer Needed,3
901622,508744,4,2025-08-06,Damaged in Shipping,1
901623,511151,3,2025-12-08,Damaged in Shipping,2
901624,513938,1,2026-07-06,Damaged in Shipping,3
901625,501357,1,2024-05-08,Damaged in Shipping,6
901626,501418,3,2024-04-29,Wrong Item,5
901627,508554,3,2025-07-29,Wrong Item,1
901628,507616,5,2025-05-18,Wrong Item,2
901629,500895,1,2024-03-25,Defective,5
901630,510542,1,2025-11-15,Better Price Found,1
901631,500061,1,2024-01-15,Damaged in Shipping,3
901632,508375,3,2025-07-28,Damaged in Shipping,6
901633,509364,1,2025-09-07,No Longer Needed,4
901634,511875,2,2026-01-14,Damaged in Shipping,3
901635,510418,1,2025-11-24,Better Price Found,1
901636,507409,1,2025-05-21,No Longer Needed,1
901637,507109,1,2025-04-19,No Longer Needed,6
901638,506553,3,2025-03-11,No Longer Needed,2
901639,509696,1,2025-10-14,Wrong Item,1
901640,505905,2,2025-01-05,Defective,1
901641,505334,1,2025-01-04,Defective,6
901642,513654,3,2026-05-26,Defective,1
901643,510291,4,2025-11-30,No Longer Needed,3
901644,514103,1,2026-07-12,Damaged in Shipping,6
901645,510893,1,2025-12-04,No Longer Needed,5
901646,501527,2,2024-05-14,Better Price Found,4
901647,500814,1,2024-03-23,Wrong Item,2
901648,503959,2,2024-10-05,Better Price Found,6
901649,500986,2,2024-03-27,Wrong Item,5
901650,510716,5,2025-12-08,Damaged in Shipping,4
901651,510826,1,2025-11-28,Better Price Found,2
901652,509351,2,2025-09-10,Wrong Item,5
901653,504564,2,2024-11-24,Defective,2
901654,508589,3,2025-08-08,No Longer Needed,4
901655,507444,1,2025-04-27,Defective,1
901656,505483,4,2025-01-04,Damaged in Shipping,1
901657,504917,4,2024-11-28,No Longer Needed,1
901658,511798,5,2026-01-28,Damaged in Shipping,5
901659,505525,5,2025-01-07,Better Price Found,4
901660,509083,2,2025-08-21,Wrong Item,1
901661,503663,2,2024-09-19,Damaged in Shipping,6
901662,512978,1,2026-04-22,Defective,4
901663,500388,1,2024-02-23,Defective,5
901664,502057,2,2024-06-18,Damaged in Shipping,5
901665,507987,1,2025-06-14,No Longer Needed,1
901666,513202,2,2026-05-04,Better Price Found,5
901667,508465,1,2025-07-28,Defective,1
901668,507364,1,2025-04-30,Damaged in Shipping,2
901669,509084,2,2025-08-20,No Longer Needed,2
901670,504461,1,2024-11-13,Wrong Item,2
901671,514624,3,2026-08-23,Defective,2
901672,504173,1,2024-10-18,No Longer Needed,3
901673,512326,2,2026-03-06,Wrong Item,2
901674,505759,4,2024-12-31,Wrong Item,1
901675,500083,2,2024-01-29,Damaged in Shipping,1
901676,506443,3,2025-02-27,No Longer Needed,5
901677,502828,2,2024-07-17,No Longer Needed,1
901678,511955,3,2026-02-07,Defective,3
901679,505375,2,2024-12-12,Damaged in Shipping,3
901680,509853,2,2025-10-12,Defective,6
901681,501470,2,2024-05-18,Defective,2
901682,500519,3,2024-02-15,Wrong Item,4
901683,504275,4,2024-10-30,Damaged in Shipping,1
901684,504819,1,2024-11-18,No Longer Needed,1
901685,501729,3,2024-05-11,Wrong Item,4
901686,509823,2,2025-10-19,Damaged in Shipping,3
901687,500934,1,2024-04-11,Damaged in Shipping,1
901688,507664,1,2025-05-13,Defective,3
901689,505541,2,2025-01-05,Defective,1
901690,514185,1,2026-07-24,Wrong Item,5
901691,506803,4,2025-03-27,Damaged in Shipping,1
901692,505235,1,2024-12-09,Better Price Found,6
901693,508277,2,2025-07-01,No Longer Needed,4
901694,513202,1,2026-04-22,Defective,3
901695,513960,1,2026-06-19,Defective,1
901696,500306,4,2024-02-23,No Longer Needed,6
901697,505978,2,2025-01-28,Damaged in Shipping,1
901698,513545,1,2026-05-22,Damaged in Shipping,2
901699,505772,3,2025-01-05,Damaged in Shipping,3
901700,513713,1,2026-06-03,Defective,5
901701,505148,1,2024-12-24,Defective,2
901702,510195,1,2025-11-20,Better Price Found,3
901703,510569,1,2025-11-24,No Longer Needed,2
901704,507739,1,2025-05-19,Better Price Found,1
901705,511531,1,2026-01-19,Defective,3
901706,510397,1,2025-12-01,Defective,6
901707,514582,1,2026-08-20,Damaged in Shipping,4
901708,502402,2,2024-06-23,Wrong Item,1
901709,503637,3,2024-09-21,Better Price Found,4
901710,506967,4,2025-03-27,Wrong Item,1
901711,505413,1,2024-12-24,Better Price Found,3
901712,503312,1,2024-09-06,No Longer Needed,5
901713,512224,3,2026-03-06,Damaged in Shipping,5
901714,501606,2,2024-05-27,Better Price Found,3
901715,510525,1,2025-12-05,Defective,5
901716,511362,2,2026-01-12,Damaged in Shipping,1
901717,510129,4,2025-10-30,Defective,4
901718,509379,4,2025-09-06,Defective,2
901719,503691,4,2024-10-02,Damaged in Shipping,3
901720,507282,2,2025-05-02,Better Price Found,1
901721,509061,1,2025-08-20,Defective,3
901722,500930,3,2024-04-02,Damaged in Shipping,5
901723,500441,3,2024-02-07,Better Price Found,2
901724,513660,3,2026-06-18,No Longer Needed,2
901725,514198,2,2026-07-07,Defective,6
901726,507985,3,2025-06-20,Damaged in Shipping,1
901727,504980,1,2024-12-22,Better Price Found,3
901728,505460,1,2024-12-14,Better Price Found,3
901729,503952,1,2024-10-27,Defective,3
901730,507274,1,2025-04-16,Defective,3
901731,504555,2,2024-11-06,Defective,5
901732,510421,2,2025-11-12,No Longer Needed,6
901733,514203,5,2026-07-15,Wrong Item,6
901734,513281,2,2026-05-04,Better Price Found,2
901735,512777,1,2026-04-19,Defective,5
901736,501217,2,2024-04-05,Wrong Item,1
901737,508204,1,2025-06-28,Defective,1
901738,511316,1,2026-01-01,No Longer Needed,2
901739,506140,2,2025-01-31,Damaged in Shipping,4
901740,508869,3,2025-08-01,Better Price Found,1
901741,509348,2,2025-09-08,Defective,3
901742,512958,5,2026-04-10,No Longer Needed,3
901743,502101,3,2024-06-11,No Longer Needed,2
901744,507121,1,2025-04-17,Defective,4
901745,514519,1,2026-08-15,Wrong Item,3
901746,505919,2,2025-01-27,Defective,5
901747,508409,2,2025-07-09,Damaged in Shipping,5
901748,511764,1,2026-01-31,Defective,3
901749,512525,2,2026-03-10,Better Price Found,3
901750,511557,1,2026-01-02,Defective,4
901751,507962,3,2025-06-06,No Longer Needed,5
901752,508988,1,2025-08-24,Damaged in Shipping,4
901753,511445,3,2026-01-15,Wrong Item,2
901754,502248,1,2024-06-18,No Longer Needed,6
901755,502206,5,2024-06-16,Defective,4
901756,502444,3,2024-07-09,Damaged in Shipping,4
901757,504008,1,2024-10-24,Defective,5
901758,509254,1,2025-09-10,Defective,2
901759,500185,3,2024-02-01,Defective,1
901760,508933,1,2025-08-19,Damaged in Shipping,4
901761,504985,3,2024-11-25,No Longer Needed,1
901762,514303,2,2026-07-06,Damaged in Shipping,3
901763,514106,1,2026-06-27,Defective,3
901764,512467,2,2026-03-05,No Longer Needed,3
901765,502522,1,2024-07-05,Wrong Item,2
901766,514599,2,2026-07-30,Wrong Item,5
901767,513471,2,2026-05-24,Defective,4
901768,504131,1,2024-11-04,Damaged in Shipping,1
901769,501132,2,2024-04-03,Better Price Found,1
901770,508358,4,2025-07-04,Damaged in Shipping,5
901771,501895,2,2024-06-04,Better Price Found,4
901772,508628,5,2025-07-24,Better Price Found,1
901773,505316,2,2024-12-25,Damaged in Shipping,2
901774,504499,3,2024-11-29,Better Price Found,5
901775,500059,2,2024-01-20,Better Price Found,1
901776,514415,2,2026-08-02,Wrong Item,6
901777,501269,1,2024-04-13,Better Price Found,5
901778,500846,2,2024-03-11,Better Price Found,1
901779,502267,1,2024-06-25,Defective,5
901780,506022,1,2025-02-04,Better Price Found,1
901781,502620,5,2024-07-23,Damaged in Shipping,1
901782,503072,1,2024-08-12,Damaged in Shipping,5
901783,508534,2,2025-08-01,Better Price Found,1
901784,500901,1,2024-04-06,Damaged in Shipping,2
901785,511599,2,2026-01-05,No Longer Needed,1
901786,502716,1,2024-07-26,Wrong Item,6
901787,510813,2,2025-12-04,Better Price Found,5
901788,504558,1,2024-11-24,Better Price Found,2
901789,504048,2,2024-10-24,No Longer Needed,1
901790,512800,1,2026-03-28,Damaged in Shipping,1
901791,508858,1,2025-08-12,Defective,4
901792,504928,4,2024-11-24,Better Price Found,4
901793,503820,4,2024-09-24,No Longer Needed,4
901794,509818,1,2025-10-15,Defective,5
901795,507786,3,2025-06-05,Defective,4
901796,511631,3,2026-01-12,Defective,1
901797,514004,4,2026-06-24,No Longer Needed,4
901798,509013,1,2025-08-27,Better Price Found,6
901799,512496,2,2026-03-12,Defective,3
901800,501517,4,2024-05-11,Defective,1
901801,502859,1,2024-08-16,No Longer Needed,1
901802,501724,1,2024-05-27,Damaged in Shipping,2
901803,510237,1,2025-11-28,No Longer Needed,4
901804,509277,5,2025-09-10,Better Price Found,1
901805,513640,2,2026-05-19,No Longer Needed,5
901806,502757,4,2024-08-07,Better Price Found,1
901807,513018,2,2026-05-01,Better Price Found,5
901808,502231,3,2024-06-17,Wrong Item,6
901809,507151,1,2025-04-24,Better Price Found,2
901810,513433,2,2026-05-17,Damaged in Shipping,2
901811,509158,4,2025-09-13,Defective,2
901812,500716,2,2024-03-19,Damaged in Shipping,3
901813,514588,5,2026-08-13,Wrong Item,2
901814,507177,2,2025-04-28,Wrong Item,2
901815,507726,4,2025-05-25,Defective,4
901816,506141,2,2025-01-22,Better Price Found,5
901817,508339,2,2025-07-06,Defective,5
901818,513017,5,2026-04-23,Better Price Found,5
901819,512171,4,2026-02-15,Wrong Item,4
901820,504997,1,2024-12-11,No Longer Needed,4
901821,507335,2,2025-04-24,Wrong Item,2
901822,504188,2,2024-11-07,Defective,3
901823,507164,3,2025-04-30,Wrong Item,3
901824,513852,1,2026-06-15,Damaged in Shipping,4
901825,508958,3,2025-08-27,Wrong Item,1
901826,501991,5,2024-06-22,Damaged in Shipping,4
901827,500822,1,2024-03-24,Better Price Found,2
901828,506385,1,2025-02-16,Defective,1
901829,510270,1,2025-11-10,Better Price Found,5
901830,511741,1,2026-01-13,Better Price Found,3
901831,510535,1,2025-11-17,No Longer Needed,2
901832,509444,1,2025-09-26,Better Price Found,2
901833,504172,1,2024-10-30,No Longer Needed,5
901834,508934,3,2025-08-13,Wrong Item,1
901835,506437,4,2025-03-10,Wrong Item,3
901836,503226,3,2024-08-22,Defective,2
901837,513650,2,2026-05-20,Defective,1
901838,503105,1,2024-08-14,Wrong Item,3
901839,513240,1,2026-04-27,Wrong Item,2
901840,509234,1,2025-09-01,No Longer Needed,2
901841,504125,2,2024-10-14,Better Price Found,2
901842,505292,1,2024-12-29,Better Price Found,3
901843,500998,2,2024-04-09,Damaged in Shipping,3
901844,513956,1,2026-06-26,Defective,2
901845,501119,4,2024-04-14,Wrong Item,5
901846,508824,2,2025-08-14,Damaged in Shipping,2
901847,501544,1,2024-05-04,Wrong Item,3
901848,505826,1,2025-01-08,No Longer Needed,2
901849,511757,5,2026-01-04,Damaged in Shipping,1
901850,506753,2,2025-03-12,No Longer Needed,1
901851,501892,1,2024-05-20,Defective,1
901852,505423,4,2025-01-10,Defective,2
901853,501288,1,2024-05-04,No Longer Needed,6
901854,501225,3,2024-04-19,Wrong Item,1
901855,507321,1,2025-04-26,No Longer Needed,2
901856,500552,3,2024-02-28,Better Price Found,6
901857,509550,1,2025-10-13,Wrong Item,4
901858,512742,3,2026-04-04,No Longer Needed,4
901859,505008,1,2024-11-26,Better Price Found,3
901860,502868,5,2024-07-29,Better Price Found,4
901861,511559,1,2025-12-30,No Longer Needed,4
901862,511314,1,2025-12-29,Defective,2
901863,505217,1,2024-12-27,Damaged in Shipping,1
901864,512931,3,2026-04-04,Wrong Item,2
901865,513876,2,2026-06-03,Defective,1
901866,505122,2,2024-12-13,Defective,1
901867,510026,4,2025-10-28,Defective,2
901868,512124,4,2026-02-22,Better Price Found,1
901869,511098,1,2025-12-27,Damaged in Shipping,1
901870,502834,4,2024-08-07,No Longer Needed,4
901871,513811,1,2026-06-08,Better Price Found,5
901872,501490,1,2024-04-28,Wrong Item,1
901873,507337,2,2025-04-22,Defective,5
901874,500899,3,2024-03-23,Defective,4
901875,507677,1,2025-05-12,Wrong Item,1
901876,507797,2,2025-06-10,No Longer Needed,4
901877,500152,2,2024-01-31,No Longer Needed,4
901878,514519,4,2026-07-30,Damaged in Shipping,6
901879,512720,2,2026-03-30,Wrong Item,5
901880,513968,2,2026-06-22,Wrong Item,4
901881,512138,3,2026-02-12,Defective,4
901882,511172,1,2026-01-02,No Longer Needed,5
901883,500340,2,2024-02-10,Wrong Item,4
901884,509151,1,2025-08-29,Defective,2
901885,507207,3,2025-04-11,Defective,1
901886,503971,2,2024-10-29,Better Price Found,2
901887,504538,5,2024-11-08,Better Price Found,5
901888,506750,1,2025-04-06,Wrong Item,3
901889,506052,1,2025-01-24,Better Price Found,4
901890,500075,3,2024-01-29,No Longer Needed,5
901891,511759,3,2026-01-18,No Longer Needed,3
901892,511990,1,2026-02-16,No Longer Needed,3
901893,501697,1,2024-05-14,Defective,3
901894,510690,2,2025-11-28,Better Price Found,3
901895,509046,4,2025-09-07,Damaged in Shipping,5
901896,507298,2,2025-05-09,Better Price Found,4
901897,513312,4,2026-05-22,Wrong Item,1
901898,511295,3,2026-01-06,Wrong Item,4
901899,510938,3,2025-12-23,Wrong Item,3
901900,501385,2,2024-05-01,Wrong Item,3
901901,510631,1,2025-12-03,Damaged in Shipping,1
901902,508434,1,2025-07-10,Defective,5
901903,506193,5,2025-02-21,No Longer Needed,3
901904,504925,1,2024-12-04,Wrong Item,4
901905,509644,1,2025-10-01,Damaged in Shipping,5
901906,505987,1,2025-01-16,Damaged in Shipping,4
901907,503273,2,2024-09-01,No Longer Needed,2
901908,511238,1,2025-12-31,Damaged in Shipping,3
901909,508690,3,2025-08-03,Wrong Item,3
901910,507701,1,2025-05-20,Damaged in Shipping,6
901911,506241,5,2025-02-05,Defective,2
901912,503723,1,2024-09-17,Wrong Item,3
901913,504354,1,2024-11-13,Wrong Item,5
901914,512544,1,2026-03-30,Wrong Item,4
901915,507473,1,2025-05-18,Wrong Item,3
901916,512818,5,2026-04-10,No Longer Needed,2
901917,512134,3,2026-02-12,Defective,6
901918,513674,1,2026-06-20,Defective,3
901919,506580,5,2025-03-21,Defective,1
901920,512653,3,2026-03-28,Damaged in Shipping,2
901921,507372,5,2025-05-08,Damaged in Shipping,5
901922,513908,2,2026-07-01,Wrong Item,5
901923,509667,3,2025-10-10,Better Price Found,1
901924,508420,3,2025-07-29,Wrong Item,2
901925,505331,1,2024-12-10,Damaged in Shipping,4
901926,506245,3,2025-02-02,Damaged in Shipping,1
901927,510646,3,2025-12-16,Defective,4
901928,512674,2,2026-03-29,No Longer Needed,5
901929,508138,1,2025-06-28,Wrong Item,3
901930,502037,1,2024-06-06,Defective,2
901931,508746,2,2025-07-24,No Longer Needed,3
901932,504884,1,2024-12-13,No Longer Needed,6
901933,501518,2,2024-04-25,Damaged in Shipping,2
901934,508128,2,2025-06-30,No Longer Needed,4
901935,510051,1,2025-10-21,Defective,4
901936,510855,3,2025-12-18,Wrong Item,2
901937,505628,1,2025-01-09,Defective,6
901938,513137,1,2026-04-20,Better Price Found,2
901939,512522,3,2026-04-03,Damaged in Shipping,2
901940,503803,3,2024-10-17,Better Price Found,2
901941,506829,2,2025-03-31,Better Price Found,6
901942,507212,2,2025-04-18,Better Price Found,5
901943,514626,4,2026-07-29,Defective,3
901944,502996,2,2024-08-16,Better Price Found,5
901945,510123,2,2025-10-28,Wrong Item,3
901946,512816,1,2026-03-31,Damaged in Shipping,5
901947,502172,1,2024-06-16,Damaged in Shipping,2
901948,511221,1,2025-12-24,Better Price Found,2
901949,503479,5,2024-09-15,Damaged in Shipping,2
901950,505388,3,2024-12-29,Defective,1
901951,503019,4,2024-08-08,No Longer Needed,5
901952,511144,4,2026-01-02,Damaged in Shipping,2
901953,509028,1,2025-08-28,Better Price Found,1
901954,514269,2,2026-07-09,No Longer Needed,4
901955,504738,4,2024-12-10,Better Price Found,3
901956,505276,3,2024-12-30,Damaged in Shipping,2
901957,505390,2,2024-12-17,Damaged in Shipping,4
901958,510294,2,2025-11-21,Better Price Found,4
901959,504687,3,2024-12-02,Wrong Item,1
901960,512711,1,2026-03-31,No Longer Needed,5
901961,501013,1,2024-04-20,No Longer Needed,1
901962,504547,4,2024-11-08,Damaged in Shipping,1
901963,514019,1,2026-06-17,Wrong Item,2
901964,514635,3,2026-08-22,No Longer Needed,1
901965,503209,1,2024-09-09,No Longer Needed,2
901966,505700,1,2025-01-14,No Longer Needed,2
901967,504342,3,2024-11-22,Damaged in Shipping,1
901968,501615,1,2024-05-09,Defective,4
901969,511517,1,2025-12-29,No Longer Needed,3
901970,512672,4,2026-04-02,No Longer Needed,6
901971,506204,3,2025-02-14,Defective,3
901972,507265,2,2025-04-22,Wrong Item,5
901973,510277,2,2025-12-01,Wrong Item,5
901974,504864,1,2024-12-03,Damaged in Shipping,4
901975,505191,1,2024-12-15,Damaged in Shipping,3
901976,512648,1,2026-04-09,Better Price Found,1
901977,500536,2,2024-02-22,Defective,1
901978,504500,2,2024-11-27,Better Price Found,2
901979,510728,4,2025-12-16,Wrong Item,4
901980,507843,5,2025-06-16,No Longer Needed,4
901981,513983,1,2026-06-30,Better Price Found,3
901982,513394,3,2026-05-16,Better Price Found,5
901983,509978,1,2025-10-28,Damaged in Shipping,2
901984,502398,5,2024-07-01,Defective,5
901985,508904,2,2025-08-14,Damaged in Shipping,5
901986,513837,2,2026-06-14,No Longer Needed,3
901987,511445,4,2026-01-17,Defective,3
901988,514050,3,2026-06-20,Wrong Item,4
901989,508679,3,2025-07-29,Damaged in Shipping,5
901990,500053,1,2024-01-16,Damaged in Shipping,1
901991,507341,4,2025-04-29,Damaged in Shipping,3
901992,511905,2,2026-01-25,Better Price Found,4
901993,504157,1,2024-11-01,Wrong Item,1
901994,504750,1,2024-11-27,No Longer Needed,1
901995,506741,1,2025-03-29,Wrong Item,3
901996,514265,1,2026-07-14,Defective,4
901997,505990,1,2025-01-22,Wrong Item,4
901998,510851,2,2025-12-17,No Longer Needed,4
901999,507140,5,2025-04-14,Wrong Item,2
902000,513819,2,2026-06-25,Defective,4
902001,506554,5,2025-03-09,Better Price Found,4
902002,510652,1,2025-11-28,No Longer Needed,5
902003,501511,3,2024-05-11,No Longer Needed,4
902004,508559,3,2025-07-30,Better Price Found,1
902005,502230,1,2024-06-12,Better Price Found,3
902006,514404,2,2026-07-14,Defective,5
902007,500340,4,2024-02-24,Better Price Found,1
902008,505363,1,2025-01-06,Better Price Found,2
902009,502961,3,2024-08-14,Defective,2
902010,500192,5,2024-02-07,Defective,5
902011,513038,5,2026-05-07,Better Price Found,1
902012,511662,4,2026-01-25,No Longer Needed,5
902013,502368,4,2024-07-05,Damaged in Shipping,1
902014,511753,4,2026-01-30,Wrong Item,4
902015,504078,2,2024-10-23,Wrong Item,1
902016,501385,1,2024-04-25,Better Price Found,6
902017,510136,2,2025-11-21,Wrong Item,2
902018,505102,3,2024-12-25,Damaged in Shipping,5
902019,511254,1,2025-12-26,Defective,1
902020,507613,4,2025-05-09,Better Price Found,1
902021,504157,2,2024-11-08,Defective,4
902022,512038,1,2026-01-29,Damaged in Shipping,2
902023,500753,2,2024-03-30,Better Price Found,4
902024,502188,4,2024-06-27,Defective,5
902025,508029,1,2025-06-06,Damaged in Shipping,2
902026,501923,2,2024-05-27,Wrong Item,2
902027,505457,1,2024-12-29,Better Price Found,5
902028,502314,1,2024-06-22,Wrong Item,4
902029,500062,4,2024-01-19,Wrong Item,5
902030,510148,2,2025-10-28,Damaged in Shipping,5
902031,511317,5,2026-01-04,Wrong Item,1
902032,503743,3,2024-09-18,Damaged in Shipping,2
902033,511476,1,2025-12-31,Damaged in Shipping,4
902034,508472,1,2025-07-30,Better Price Found,1
902035,504940,2,2024-11-30,Defective,2
902036,512253,2,2026-02-28,Better Price Found,5
902037,506509,2,2025-03-06,Wrong Item,6
902038,503533,5,2024-09-28,No Longer Needed,1
902039,504523,4,2024-11-05,Defective,3
902040,513898,4,2026-06-24,Wrong Item,3
902041,503720,2,2024-09-24,Defective,1
902042,506861,3,2025-04-12,No Longer Needed,4
902043,507529,4,2025-05-14,Damaged in Shipping,4
902044,508464,1,2025-07-17,Defective,5
902045,512445,1,2026-03-02,Damaged in Shipping,3
902046,513234,2,2026-04-28,Wrong Item,1
902047,507811,3,2025-06-11,Defective,3
902048,512333,4,2026-02-28,Wrong Item,5
902049,509530,2,2025-10-10,Wrong Item,2
902050,511685,3,2026-01-07,Defective,5
902051,511202,5,2025-12-28,Wrong Item,1
902052,504245,2,2024-11-08,Damaged in Shipping,2
902053,508489,1,2025-07-19,Damaged in Shipping,2
902054,500541,5,2024-03-08,Damaged in Shipping,5
902055,506546,1,2025-03-21,Damaged in Shipping,2
902056,504119,3,2024-10-25,No Longer Needed,5
902057,511047,1,2025-12-07,Defective,3
902058,510349,2,2025-11-13,Damaged in Shipping,4
902059,505577,4,2024-12-21,Defective,3
902060,512767,1,2026-04-11,Wrong Item,1
902061,506817,1,2025-04-02,Defective,5
902062,502758,1,2024-07-16,Better Price Found,5
902063,500316,2,2024-02-20,No Longer Needed,4
902064,512156,4,2026-02-08,Damaged in Shipping,4
902065,502326,3,2024-06-26,Defective,5
902066,503699,2,2024-10-12,Better Price Found,4
902067,513996,2,2026-06-20,Better Price Found,1
902068,503839,3,2024-09-28,Damaged in Shipping,4
902069,501659,1,2024-05-23,Defective,2
902070,511678,2,2026-01-05,Damaged in Shipping,2
902071,501534,3,2024-05-07,Defective,4
902072,507457,3,2025-05-16,No Longer Needed,4
902073,501903,1,2024-06-13,Wrong Item,3
902074,510014,2,2025-11-15,Defective,3
902075,508660,3,2025-08-12,Wrong Item,2
902076,507512,4,2025-05-08,Better Price Found,2
902077,501678,4,2024-05-18,Better Price Found,1
902078,513453,2,2026-05-25,No Longer Needed,5
902079,508663,4,2025-07-28,Wrong Item,4
902080,513704,3,2026-06-13,No Longer Needed,2
902081,507507,2,2025-05-22,Wrong Item,4
902082,504923,2,2024-11-24,Defective,4
902083,505196,1,2024-12-22,Defective,1
902084,513124,4,2026-04-21,Wrong Item,3
902085,506606,5,2025-03-18,Wrong Item,2
902086,507189,3,2025-05-01,Defective,2
902087,511968,1,2026-01-21,No Longer Needed,1
902088,502836,1,2024-08-07,Wrong Item,6
902089,514032,2,2026-06-20,Better Price Found,6
902090,502368,2,2024-06-20,Better Price Found,1
902091,511106,4,2025-12-31,Wrong Item,5
902092,506327,3,2025-02-27,Better Price Found,2
902093,509906,3,2025-10-25,Better Price Found,2
902094,508112,1,2025-06-16,Wrong Item,4
902095,513570,4,2026-06-01,Damaged in Shipping,1
902096,513818,4,2026-06-13,Defective,4
902097,512782,1,2026-04-02,Better Price Found,2
902098,502734,2,2024-08-01,Damaged in Shipping,4
902099,508667,2,2025-08-01,Better Price Found,2
902100,510962,3,2025-12-13,No Longer Needed,4
902101,511645,3,2025-12-29,Defective,3
902102,500301,1,2024-02-19,Wrong Item,1
902103,506910,1,2025-04-19,No Longer Needed,3
902104,503699,1,2024-09-16,Wrong Item,4
902105,502681,2,2024-07-22,Better Price Found,3
902106,511418,2,2026-01-04,Defective,3
902107,501097,4,2024-04-21,No Longer Needed,3
902108,514074,2,2026-06-28,Wrong Item,2
902109,505744,1,2025-01-20,Damaged in Shipping,1
902110,513692,1,2026-06-02,Better Price Found,3
902111,507095,1,2025-04-12,Damaged in Shipping,1
902112,501934,4,2024-06-14,No Longer Needed,1
902113,503262,4,2024-08-24,No Longer Needed,5
902114,506769,1,2025-03-31,No Longer Needed,4
902115,506255,4,2025-02-16,Better Price Found,4
902116,513593,1,2026-05-23,Better Price Found,3
902117,511896,5,2026-01-13,Defective,1
902118,513691,1,2026-05-24,Better Price Found,2
902119,509349,4,2025-09-14,Better Price Found,4
902120,504338,1,2024-11-20,Wrong Item,2
902121,501866,5,2024-05-18,Damaged in Shipping,5
902122,504762,1,2024-12-03,Defective,3
902123,504773,1,2024-12-14,Wrong Item,6
902124,500804,2,2024-03-07,Wrong Item,5
902125,502306,1,2024-06-19,Damaged in Shipping,6
902126,513644,1,2026-05-22,Wrong Item,2
902127,510594,2,2025-12-05,Damaged in Shipping,6
902128,508467,1,2025-07-26,Defective,3
902129,502335,2,2024-06-23,Damaged in Shipping,2
902130,501555,3,2024-05-01,No Longer Needed,1
902131,508187,1,2025-07-08,Damaged in Shipping,6
902132,507106,2,2025-04-19,Defective,1
902133,503772,1,2024-10-11,Wrong Item,1
902134,502670,3,2024-08-05,Wrong Item,2
902135,514547,4,2026-08-17,Better Price Found,6
902136,500670,2,2024-02-29,No Longer Needed,1
902137,506745,4,2025-03-31,Defective,3
902138,511718,5,2026-01-23,Damaged in Shipping,4
902139,505894,2,2025-01-15,Better Price Found,6
902140,507501,3,2025-04-30,Better Price Found,6
902141,506417,1,2025-02-17,Better Price Found,2
902142,513632,2,2026-06-05,No Longer Needed,4
902143,502370,1,2024-07-11,Damaged in Shipping,4
902144,514411,3,2026-07-30,No Longer Needed,1
902145,509724,4,2025-10-11,Better Price Found,1
902146,513207,2,2026-05-05,Damaged in Shipping,3
902147,505555,2,2025-01-09,Better Price Found,3
902148,512356,2,2026-03-17,Defective,5
902149,509141,2,2025-09-14,Defective,1
902150,506261,1,2025-02-09,Better Price Found,5
902151,510680,1,2025-11-20,Defective,1
902152,506534,1,2025-03-08,Better Price Found,3
902153,507811,2,2025-05-28,No Longer Needed,3
902154,510272,4,2025-11-19,No Longer Needed,1
902155,513183,2,2026-05-08,No Longer Needed,2
902156,507936,1,2025-05-31,Damaged in Shipping,1
902157,506567,3,2025-03-06,Better Price Found,5
902158,507673,3,2025-06-05,Better Price Found,1
902159,507362,4,2025-04-28,Better Price Found,3
902160,510996,2,2025-12-18,No Longer Needed,1
902161,502032,2,2024-05-29,Damaged in Shipping,2
902162,513960,4,2026-07-04,Damaged in Shipping,5
902163,504986,2,2024-11-30,Wrong Item,5
902164,506251,2,2025-01-28,Defective,1
902165,511210,3,2025-12-22,Defective,1
902166,512678,1,2026-03-24,No Longer Needed,2
902167,504918,1,2024-12-07,Defective,2
902168,504574,1,2024-11-25,No Longer Needed,5
902169,509703,2,2025-10-02,Wrong Item,4
902170,514319,4,2026-07-26,Damaged in Shipping,2
902171,506545,2,2025-03-02,Damaged in Shipping,4
902172,511591,1,2026-01-07,Defective,5
902173,510355,1,2025-11-15,Better Price Found,4
902174,512712,3,2026-04-05,Wrong Item,2
902175,503763,2,2024-10-08,Wrong Item,5
902176,510503,2,2025-12-11,Damaged in Shipping,1
902177,509732,5,2025-10-16,Wrong Item,6
902178,509521,4,2025-09-29,No Longer Needed,3
902179,510233,3,2025-11-23,Defective,3
902180,507035,3,2025-04-14,Defective,5
902181,508370,3,2025-07-21,Better Price Found,2
902182,509261,5,2025-09-11,Wrong Item,3
902183,506075,3,2025-02-06,Wrong Item,4
902184,509083,5,2025-08-18,Wrong Item,3
902185,507743,2,2025-05-27,No Longer Needed,3
902186,507021,1,2025-04-01,Damaged in Shipping,5
902187,511380,2,2026-01-16,Damaged in Shipping,2
902188,501612,2,2024-05-20,Better Price Found,1
902189,501122,3,2024-04-23,No Longer Needed,4
902190,500110,5,2024-02-01,Better Price Found,5
902191,512822,4,2026-04-13,Wrong Item,2
902192,500600,1,2024-03-16,Damaged in Shipping,3
902193,503864,4,2024-10-08,Damaged in Shipping,6
902194,506906,5,2025-04-05,Better Price Found,1
902195,507750,3,2025-06-15,Wrong Item,1
902196,511385,1,2025-12-29,Defective,2
902197,506809,5,2025-03-27,Better Price Found,4
902198,507147,2,2025-05-03,Defective,5
902199,505388,1,2024-12-24,Better Price Found,4
902200,502574,2,2024-07-02,Wrong Item,1
902201,501650,4,2024-05-26,Wrong Item,4
902202,505378,2,2024-12-28,Better Price Found,4
902203,504371,3,2024-11-18,Wrong Item,4
902204,505539,1,2024-12-20,Better Price Found,4
902205,505843,3,2025-01-08,Better Price Found,3
902206,505422,4,2024-12-18,Wrong Item,5
902207,509326,3,2025-09-27,No Longer Needed,6
902208,501953,1,2024-05-27,Better Price Found,1
902209,509567,3,2025-10-18,Defective,4
902210,510625,2,2025-12-03,Wrong Item,2
902211,514028,3,2026-06-27,Damaged in Shipping,4
902212,509541,2,2025-09-17,Better Price Found,5
902213,508959,4,2025-08-29,Defective,6
902214,500514,4,2024-03-08,Wrong Item,6
902215,505856,3,2025-01-06,Defective,5
902216,500967,2,2024-03-21,Wrong Item,3
902217,513777,3,2026-06-25,Defective,1
902218,509642,2,2025-10-23,Defective,3
902219,513900,3,2026-06-13,Defective,5
902220,509642,4,2025-10-20,Defective,6
902221,500380,2,2024-02-26,Better Price Found,1
902222,510267,5,2025-11-23,Defective,4
902223,513645,5,2026-05-31,Wrong Item,5
902224,504637,1,2024-11-21,Wrong Item,1
902225,512172,2,2026-03-01,Damaged in Shipping,2
902226,507757,2,2025-05-30,Wrong Item,3
902227,500776,1,2024-03-31,Better Price Found,1
902228,501945,2,2024-06-11,Damaged in Shipping,1
902229,501207,4,2024-04-24,Wrong Item,2
902230,504610,4,2024-11-10,No Longer Needed,3
902231,510042,1,2025-10-25,Damaged in Shipping,2
902232,505635,2,2024-12-26,Damaged in Shipping,4
902233,514620,2,2026-08-04,Damaged in Shipping,5
902234,510365,3,2025-11-09,Defective,5
902235,505274,1,2025-01-03,Defective,5
902236,502775,3,2024-07-30,Defective,5
902237,508057,1,2025-07-02,Wrong Item,2
902238,505729,1,2025-01-23,Damaged in Shipping,2
902239,513617,2,2026-06-07,No Longer Needed,4
902240,507736,4,2025-06-03,Better Price Found,4
902241,507277,3,2025-05-10,Better Price Found,4
902242,508193,3,2025-06-30,Wrong Item,4
902243,513378,4,2026-05-01,No Longer Needed,1
902244,512877,4,2026-04-16,Wrong Item,4
902245,505478,2,2024-12-24,Damaged in Shipping,1
902246,504913,5,2024-11-23,Wrong Item,3
902247,514637,1,2026-08-02,No Longer Needed,4
902248,505963,4,2025-01-16,Better Price Found,1
902249,514227,2,2026-06-27,Damaged in Shipping,6
902250,503535,1,2024-09-24,Damaged in Shipping,4
902251,509171,2,2025-09-06,Better Price Found,1
902252,502752,1,2024-07-14,Damaged in Shipping,4
902253,505012,2,2024-11-26,No Longer Needed,1
902254,500573,2,2024-03-14,Damaged in Shipping,1
902255,509988,2,2025-10-23,No Longer Needed,4
902256,506431,4,2025-02-25,Wrong Item,3
902257,513536,2,2026-05-30,No Longer Needed,1
902258,513007,1,2026-05-02,Better Price Found,4
902259,514092,2,2026-07-08,Damaged in Shipping,2
902260,514053,1,2026-06-19,Damaged in Shipping,5
902261,507921,2,2025-06-12,No Longer Needed,3
902262,504581,3,2024-11-07,Wrong Item,2
902263,502989,5,2024-08-14,Better Price Found,3
902264,501986,4,2024-06-12,Wrong Item,4
902265,504854,2,2024-12-12,Better Price Found,4
902266,501342,2,2024-05-04,Better Price Found,1
902267,507270,2,2025-04-29,Better Price Found,5
902268,507993,1,2025-07-01,No Longer Needed,5
902269,508760,1,2025-08-05,No Longer Needed,3
902270,514092,1,2026-06-21,Damaged in Shipping,5
902271,505949,3,2025-01-23,Defective,5
902272,511636,2,2026-01-21,Wrong Item,3
902273,506343,3,2025-02-24,No Longer Needed,4
902274,511821,5,2026-01-19,Damaged in Shipping,2
902275,507075,1,2025-04-05,Wrong Item,1
902276,501480,2,2024-05-17,Damaged in Shipping,6
902277,514496,2,2026-08-03,Wrong Item,6
902278,503572,1,2024-09-14,Defective,1
902279,514266,1,2026-07-25,No Longer Needed,5
902280,501634,2,2024-05-01,Better Price Found,6
902281,508677,3,2025-07-30,Wrong Item,5
902282,507396,1,2025-05-07,Defective,1
902283,506388,1,2025-02-11,Better Price Found,2
902284,505641,1,2025-01-06,Damaged in Shipping,3
902285,513810,1,2026-06-27,Damaged in Shipping,5
902286,505796,1,2025-01-07,Better Price Found,5
902287,512088,1,2026-02-04,Better Price Found,2
902288,503527,3,2024-09-27,Better Price Found,4
902289,514235,5,2026-07-17,Wrong Item,5
902290,508736,4,2025-08-12,Damaged in Shipping,1
902291,502901,1,2024-08-19,No Longer Needed,4
902292,509692,2,2025-10-27,Defective,4
902293,502659,4,2024-08-01,Defective,4
902294,507616,1,2025-05-31,Defective,5
902295,510315,1,2025-11-07,Damaged in Shipping,3
902296,504139,1,2024-10-29,No Longer Needed,2
902297,510093,4,2025-11-19,Wrong Item,1
902298,505369,3,2024-12-28,Wrong Item,2
902299,501600,2,2024-05-05,Better Price Found,5
902300,502063,1,2024-05-30,Better Price Found,3
902301,503596,1,2024-09-20,Damaged in Shipping,6
902302,511910,3,2026-01-24,Defective,5
902303,501914,2,2024-06-01,Defective,4
902304,506195,5,2025-02-03,Damaged in Shipping,2
902305,505473,1,2024-12-30,Better Price Found,6
902306,503272,2,2024-08-28,Better Price Found,5
902307,513832,5,2026-06-13,Damaged in Shipping,5
902308,504282,1,2024-11-10,Defective,3
902309,508442,4,2025-07-24,Defective,5
902310,513977,2,2026-07-04,Damaged in Shipping,2
902311,508041,2,2025-06-24,Defective,4
902312,507803,1,2025-05-25,Wrong Item,4
902313,505152,5,2024-12-01,Wrong Item,2
902314,513476,2,2026-05-31,Damaged in Shipping,5
902315,505857,3,2024-12-30,Damaged in Shipping,1
902316,509110,2,2025-08-28,No Longer Needed,4
902317,501585,2,2024-05-26,Wrong Item,1
902318,501001,4,2024-03-28,Wrong Item,4
902319,509380,4,2025-09-27,Wrong Item,5
902320,507187,3,2025-04-19,Wrong Item,3
902321,505280,1,2024-12-07,Damaged in Shipping,3
902322,511187,2,2025-12-21,Defective,1
902323,512324,1,2026-03-14,Damaged in Shipping,1
902324,513012,2,2026-04-08,Better Price Found,2
902325,506532,4,2025-03-13,Wrong Item,4
902326,500645,5,2024-03-02,Damaged in Shipping,3
902327,501256,1,2024-04-20,No Longer Needed,1
902328,511862,3,2026-01-20,No Longer Needed,2
902329,504509,2,2024-11-18,Wrong Item,3
902330,512367,2,2026-03-20,Damaged in Shipping,4
902331,509968,3,2025-10-28,Defective,1
902332,508666,2,2025-08-15,Defective,4
902333,506147,4,2025-02-05,Better Price Found,4
902334,501037,2,2024-04-16,Defective,1
902335,508619,4,2025-07-23,Defective,5
902336,510816,2,2025-11-30,Wrong Item,1
902337,512858,1,2026-04-17,Defective,1
902338,512528,2,2026-03-21,Defective,4
902339,514147,1,2026-07-13,Defective,1
902340,513059,5,2026-04-18,Damaged in Shipping,2
902341,502481,3,2024-07-08,Better Price Found,4
902342,509587,1,2025-10-11,Better Price Found,4
902343,500955,4,2024-04-09,Better Price Found,2
902344,505731,2,2025-01-23,Wrong Item,6
902345,511384,1,2026-01-09,No Longer Needed,1
902346,503268,4,2024-08-28,No Longer Needed,5
902347,503618,3,2024-10-02,No Longer Needed,4
902348,512652,1,2026-03-19,No Longer Needed,1
902349,502003,2,2024-06-09,Better Price Found,4
902350,509538,2,2025-10-02,Defective,4
902351,502807,2,2024-07-31,Wrong Item,2
902352,507661,2,2025-06-06,No Longer Needed,3
902353,503560,3,2024-09-30,Better Price Found,3
902354,510945,2,2025-12-22,No Longer Needed,6
902355,504844,1,2024-12-13,No Longer Needed,2
902356,501694,2,2024-06-02,Better Price Found,3
902357,501903,3,2024-05-19,No Longer Needed,5
902358,503394,4,2024-09-22,Wrong Item,3
902359,513433,5,2026-05-11,Defective,1
902360,507817,1,2025-06-05,Better Price Found,4
902361,509895,3,2025-10-19,No Longer Needed,1
902362,507950,1,2025-06-06,Damaged in Shipping,6
902363,509739,1,2025-10-10,No Longer Needed,5
902364,511862,2,2026-02-09,No Longer Needed,1
902365,514280,2,2026-07-27,Better Price Found,4
902366,504149,1,2024-11-02,Damaged in Shipping,6
902367,511601,1,2026-01-01,No Longer Needed,3
902368,513523,3,2026-05-29,Defective,5
902369,512491,1,2026-04-02,Better Price Found,2
902370,509391,3,2025-09-26,Better Price Found,1
902371,511786,5,2026-01-13,Wrong Item,3
902372,506553,1,2025-03-03,Damaged in Shipping,6
902373,508499,3,2025-07-13,Wrong Item,2
902374,503169,4,2024-08-13,No Longer Needed,4
902375,502241,2,2024-06-15,No Longer Needed,1
902376,511502,2,2025-12-25,Defective,5
902377,502441,1,2024-07-17,Better Price Found,4
902378,510529,1,2025-12-07,Defective,6
902379,500719,5,2024-03-21,No Longer Needed,2
902380,506113,5,2025-02-10,Damaged in Shipping,4
902381,509474,2,2025-09-21,No Longer Needed,2
902382,502916,1,2024-07-30,Damaged in Shipping,4
902383,511509,4,2026-01-06,Defective,1
902384,514362,1,2026-08-03,Wrong Item,6
902385,502647,2,2024-07-15,Wrong Item,3
902386,509823,4,2025-10-17,Better Price Found,1
902387,509212,3,2025-09-14,Defective,6
902388,509762,2,2025-10-14,No Longer Needed,2
902389,504576,2,2024-11-26,Better Price Found,2
902390,501031,3,2024-03-25,Damaged in Shipping,5
902391,504137,2,2024-10-26,No Longer Needed,4
902392,510726,1,2025-12-06,No Longer Needed,4
902393,514288,2,2026-07-11,Better Price Found,2
902394,503120,5,2024-08-25,Wrong Item,1
902395,502641,3,2024-07-10,Wrong Item,5
902396,511422,1,2026-01-17,No Longer Needed,4
902397,511142,1,2025-12-21,Better Price Found,1
902398,512579,2,2026-04-07,Defective,4
902399,507978,4,2025-06-22,Better Price Found,1
902400,504705,4,2024-12-08,Wrong Item,4
902401,511780,3,2026-01-06,Damaged in Shipping,3
902402,501755,1,2024-06-06,Damaged in Shipping,3
902403,511144,2,2025-12-08,Defective,3
902404,502089,1,2024-06-01,Defective,4
902405,507128,1,2025-05-04,Damaged in Shipping,1
902406,511472,1,2026-01-08,Defective,4
902407,503906,1,2024-10-16,No Longer Needed,4
902408,513365,4,2026-05-19,Defective,3
902409,505810,1,2024-12-30,Defective,4
902410,500065,1,2024-01-10,Damaged in Shipping,5
902411,510708,1,2025-11-25,Defective,4
902412,510471,1,2025-12-03,Wrong Item,2
902413,502912,1,2024-07-27,Defective,2
902414,514205,4,2026-07-17,Damaged in Shipping,1
902415,502698,3,2024-07-17,Damaged in Shipping,3
902416,512298,1,2026-03-13,No Longer Needed,5
902417,508577,1,2025-07-22,No Longer Needed,1
902418,512525,5,2026-04-01,No Longer Needed,1
902419,509338,3,2025-09-17,Better Price Found,1
902420,508492,1,2025-08-02,Defective,6
902421,505094,1,2024-12-14,Better Price Found,1
902422,506087,3,2025-01-23,Wrong Item,2
902423,500067,1,2024-01-27,Better Price Found,3
902424,513367,2,2026-05-18,No Longer Needed,2
902425,509039,2,2025-08-20,Better Price Found,4
902426,505038,3,2024-12-19,Defective,3
902427,500829,2,2024-04-02,Damaged in Shipping,5
902428,512539,5,2026-03-16,Damaged in Shipping,2
902429,503885,5,2024-10-05,Wrong Item,6
902430,510290,2,2025-11-12,Damaged in Shipping,3
902431,509572,3,2025-10-08,No Longer Needed,4
902432,504394,5,2024-11-12,Wrong Item,2
902433,510796,5,2025-12-08,Damaged in Shipping,2
902434,500134,4,2024-01-26,Damaged in Shipping,3
902435,506287,1,2025-02-05,Defective,4
902436,506902,2,2025-03-30,No Longer Needed,3
902437,501676,2,2024-05-07,No Longer Needed,2
902438,510658,1,2025-12-09,No Longer Needed,5
902439,500527,3,2024-02-24,Damaged in Shipping,3
902440,504085,2,2024-11-01,Defective,1
902441,500398,3,2024-02-04,Defective,3
902442,512195,1,2026-02-24,Wrong Item,5
902443,506783,2,2025-03-30,Better Price Found,1
902444,502635,3,2024-07-19,Better Price Found,1
902445,503025,2,2024-08-10,Defective,2
902446,512604,1,2026-03-25,Better Price Found,1
902447,511735,3,2026-01-03,Better Price Found,4
902448,503761,2,2024-10-01,Defective,5
902449,513186,2,2026-05-15,Better Price Found,2
902450,504542,3,2024-12-04,Better Price Found,3
902451,504749,3,2024-12-09,Wrong Item,4
902452,508066,2,2025-06-11,No Longer Needed,3
902453,512329,2,2026-03-09,Defective,1
902454,504984,2,2024-12-09,Wrong Item,4
902455,505878,2,2025-01-27,Damaged in Shipping,1
902456,503027,1,2024-08-13,Damaged in Shipping,3
902457,511062,3,2025-12-17,Damaged in Shipping,2
902458,502386,3,2024-06-30,No Longer Needed,6
902459,506326,2,2025-02-06,No Longer Needed,4
902460,501788,2,2024-05-19,Defective,2
902461,506717,1,2025-03-29,Wrong Item,4
902462,510927,1,2025-12-10,Defective,3
902463,502784,3,2024-08-06,Wrong Item,2
902464,507171,1,2025-04-19,Better Price Found,4
902465,510646,1,2025-12-14,No Longer Needed,1
902466,504462,5,2024-11-09,Defective,2
902467,514275,5,2026-07-03,Wrong Item,5
902468,500238,3,2024-01-24,Better Price Found,4
902469,505417,3,2024-12-21,Better Price Found,3
902470,514449,4,2026-08-07,Defective,4
902471,506764,1,2025-03-17,Defective,2
902472,508318,4,2025-06-29,Damaged in Shipping,5
902473,507719,2,2025-06-03,Damaged in Shipping,2
902474,513877,3,2026-06-17,Defective,4
902475,507851,2,2025-05-26,Wrong Item,4
902476,514532,3,2026-07-21,Damaged in Shipping,2
902477,510330,3,2025-11-10,Better Price Found,1
902478,506591,3,2025-03-13,Better Price Found,4
902479,510118,5,2025-11-14,No Longer Needed,4
902480,503216,2,2024-09-12,Wrong Item,5
902481,509641,5,2025-10-11,No Longer Needed,2
902482,510494,1,2025-11-13,Damaged in Shipping,1
902483,505597,2,2025-01-17,Wrong Item,4
902484,509924,4,2025-10-31,No Longer Needed,4
902485,507271,2,2025-04-16,Better Price Found,1
902486,500099,1,2024-01-15,Better Price Found,4
902487,500780,3,2024-03-13,No Longer Needed,1
902488,514427,3,2026-07-26,Defective,4
902489,514152,2,2026-07-12,Damaged in Shipping,6
902490,509323,2,2025-09-17,Damaged in Shipping,1
902491,510978,2,2025-12-26,Wrong Item,3
902492,511668,2,2026-01-26,Better Price Found,2
902493,502764,1,2024-07-30,Wrong Item,2
902494,509263,2,2025-09-06,Better Price Found,1
902495,506777,3,2025-03-28,Wrong Item,4
902496,512337,5,2026-03-04,Better Price Found,5
902497,514390,2,2026-07-20,Damaged in Shipping,5
902498,504715,3,2024-12-09,No Longer Needed,4
902499,505674,1,2025-01-01,Wrong Item,1
902500,502903,5,2024-08-01,Defective,6
902501,513404,5,2026-05-03,Better Price Found,2
902502,503802,5,2024-10-17,Better Price Found,5
902503,507155,1,2025-04-27,Wrong Item,3
902504,503838,1,2024-09-29,Damaged in Shipping,1
902505,504001,2,2024-10-31,Defective,1
902506,512969,3,2026-04-28,Damaged in Shipping,3
902507,501712,4,2024-05-06,No Longer Needed,5
902508,507095,2,2025-04-21,Better Price Found,1
902509,502130,1,2024-07-01,Damaged in Shipping,5
902510,506113,2,2025-01-30,No Longer Needed,1
902511,513027,2,2026-04-07,Damaged in Shipping,5
902512,501258,4,2024-04-28,Defective,4
902513,505571,4,2025-01-03,Wrong Item,6
902514,508195,2,2025-07-09,Wrong Item,2
902515,504719,2,2024-11-29,No Longer Needed,6
902516,510640,1,2025-12-07,Defective,3
902517,503111,1,2024-09-03,Damaged in Shipping,5
902518,500248,1,2024-01-29,Damaged in Shipping,2
902519,511164,2,2026-01-07,Better Price Found,4
902520,510867,3,2025-12-10,Defective,1
902521,506639,2,2025-03-13,Defective,5
902522,501907,1,2024-05-24,Better Price Found,3
902523,513103,4,2026-05-11,Defective,1
902524,502006,1,2024-06-07,Defective,1
902525,514173,4,2026-07-15,Defective,5
902526,510152,3,2025-10-30,Better Price Found,3
902527,514549,2,2026-07-31,Damaged in Shipping,2
902528,502170,1,2024-06-20,Wrong Item,4
902529,509207,2,2025-09-01,Better Price Found,3
902530,507413,3,2025-05-06,Wrong Item,2
902531,510163,1,2025-11-18,Damaged in Shipping,5
902532,505376,2,2024-12-28,Better Price Found,1
902533,501990,1,2024-06-18,Defective,4
902534,505885,1,2025-01-26,Damaged in Shipping,2
902535,503274,1,2024-08-28,No Longer Needed,3
902536,512228,3,2026-02-16,No Longer Needed,5
902537,502697,5,2024-07-21,No Longer Needed,4
902538,504661,4,2024-12-08,Wrong Item,2
902539,511595,4,2026-01-01,No Longer Needed,2
902540,504102,2,2024-10-20,No Longer Needed,5
902541,504896,3,2024-12-02,Damaged in Shipping,6
902542,513203,3,2026-05-17,Defective,1
902543,509232,2,2025-09-19,Damaged in Shipping,3
902544,501657,5,2024-05-28,Defective,4
902545,505514,1,2025-01-14,No Longer Needed,1
902546,508163,3,2025-07-09,Defective,3
902547,505568,1,2025-01-17,No Longer Needed,2
902548,513041,1,2026-04-28,Wrong Item,3
902549,514046,2,2026-07-06,No Longer Needed,3
902550,512565,2,2026-03-11,Defective,2
902551,509411,2,2025-09-21,Better Price Found,2
902552,510926,2,2025-12-02,Better Price Found,1
902553,501714,3,2024-06-04,Better Price Found,2
902554,502493,2,2024-06-24,Better Price Found,5
902555,511377,1,2025-12-23,No Longer Needed,5
902556,501814,3,2024-05-29,Damaged in Shipping,1
902557,509474,5,2025-09-26,Better Price Found,1
902558,502863,3,2024-08-08,Better Price Found,2
902559,503367,2,2024-09-19,Wrong Item,1
902560,513436,3,2026-05-14,Better Price Found,1
902561,511693,3,2026-01-16,Wrong Item,3
902562,508872,4,2025-08-06,No Longer Needed,1
902563,512319,2,2026-03-15,No Longer Needed,5
902564,508302,2,2025-07-06,Wrong Item,5
902565,507761,2,2025-05-29,Wrong Item,2
902566,508184,2,2025-07-15,No Longer Needed,2
902567,509209,4,2025-09-05,Better Price Found,5
902568,508456,4,2025-07-09,Wrong Item,5
902569,501836,3,2024-05-27,Better Price Found,2
902570,500083,1,2024-01-15,Damaged in Shipping,6
902571,507208,1,2025-04-22,Defective,2
902572,504780,1,2024-11-17,Better Price Found,5
902573,505688,2,2025-01-09,No Longer Needed,3
902574,513772,1,2026-05-31,Damaged in Shipping,2
902575,500982,1,2024-03-26,Damaged in Shipping,4
902576,503098,3,2024-08-29,No Longer Needed,2
902577,511477,4,2025-12-30,Damaged in Shipping,4
902578,504362,3,2024-11-17,Damaged in Shipping,4
902579,510477,2,2025-12-01,Better Price Found,1
902580,513601,2,2026-06-02,Defective,3
902581,505511,3,2024-12-21,No Longer Needed,2
902582,500847,2,2024-03-26,No Longer Needed,6
902583,504930,1,2024-12-03,Damaged in Shipping,3
902584,511020,2,2025-12-03,Wrong Item,4
902585,509816,5,2025-10-30,Better Price Found,5
902586,514035,1,2026-06-30,Wrong Item,6
902587,511343,2,2025-12-27,Defective,2
902588,511271,4,2025-12-21,Wrong Item,4
902589,504130,1,2024-11-06,Better Price Found,2
902590,508448,3,2025-07-09,Damaged in Shipping,3
902591,512353,3,2026-02-26,Better Price Found,3
902592,509152,5,2025-08-31,Wrong Item,4
902593,505349,5,2024-12-19,Wrong Item,5
902594,507389,3,2025-05-21,Damaged in Shipping,4
902595,506959,4,2025-04-15,Better Price Found,3
902596,513862,4,2026-06-16,Defective,6
902597,501030,5,2024-03-24,Wrong Item,3
902598,507137,1,2025-04-06,Damaged in Shipping,4
902599,503418,2,2024-09-26,Better Price Found,5
902600,512511,3,2026-03-12,Defective,3
902601,512986,2,2026-04-21,No Longer Needed,6
902602,508338,3,2025-07-03,Wrong Item,1
902603,513421,2,2026-05-09,Damaged in Shipping,1
902604,504805,1,2024-11-29,Defective,1
902605,514224,3,2026-07-11,Better Price Found,1
902606,500684,2,2024-03-09,Better Price Found,5
902607,510552,1,2025-11-25,Better Price Found,4
902608,514009,3,2026-06-14,Defective,3
902609,507829,2,2025-06-12,Better Price Found,2
902610,504843,3,2024-11-26,Wrong Item,2
902611,501321,1,2024-04-29,No Longer Needed,6
902612,505684,3,2024-12-25,Damaged in Shipping,4
902613,504846,3,2024-12-13,Wrong Item,2
902614,513245,1,2026-05-02,Damaged in Shipping,2
902615,508691,2,2025-08-09,Defective,3
902616,509749,3,2025-10-16,Wrong Item,1
902617,500443,3,2024-02-12,Better Price Found,6
902618,511393,5,2026-01-03,Better Price Found,4
902619,501967,1,2024-06-07,Damaged in Shipping,4
902620,513548,2,2026-06-08,Damaged in Shipping,1
902621,505815,1,2025-01-05,No Longer Needed,4
902622,513531,1,2026-05-13,Defective,6
902623,504856,3,2024-12-05,Better Price Found,4
902624,507216,3,2025-05-09,No Longer Needed,3
902625,507178,3,2025-04-16,Damaged in Shipping,1
902626,508584,2,2025-07-23,Wrong Item,6
902627,510923,2,2025-12-01,No Longer Needed,6
902628,500887,2,2024-03-13,Wrong Item,6
902629,504945,1,2024-11-24,Defective,3
902630,504139,5,2024-11-06,Better Price Found,4
902631,512648,2,2026-04-02,Damaged in Shipping,5
902632,502034,1,2024-05-29,Defective,4
902633,509135,1,2025-09-06,Wrong Item,6
902634,509549,2,2025-10-04,No Longer Needed,1
902635,504077,2,2024-11-03,Defective,2
902636,513006,2,2026-05-01,Defective,2
902637,500395,1,2024-02-10,Better Price Found,3
902638,501268,4,2024-05-06,Damaged in Shipping,3
902639,506521,4,2025-02-24,Wrong Item,4
902640,503004,1,2024-08-15,Better Price Found,2
902641,504820,3,2024-12-15,No Longer Needed,5
902642,513868,2,2026-06-06,Wrong Item,4
902643,512988,5,2026-04-19,No Longer Needed,5
902644,508885,4,2025-08-25,Better Price Found,4
902645,504070,1,2024-11-06,Wrong Item,3
902646,511576,4,2026-01-21,Better Price Found,3
902647,503201,2,2024-08-25,Damaged in Shipping,1
902648,502514,3,2024-07-19,No Longer Needed,3
902649,512227,4,2026-02-14,Damaged in Shipping,3
902650,512591,1,2026-04-05,Defective,1
902651,501992,1,2024-05-27,Defective,5
902652,500927,2,2024-03-25,Better Price Found,3
902653,503453,1,2024-09-08,No Longer Needed,6
902654,502159,1,2024-06-18,Damaged in Shipping,4
902655,506784,1,2025-03-25,Better Price Found,4
902656,513672,4,2026-06-02,Better Price Found,3
902657,513140,1,2026-04-18,No Longer Needed,3
